ISO-10303-21;
HEADER;
/* Generated by software containing ST-Developer
 * from STEP Tools, Inc. (www.steptools.com) 
 */

FILE_DESCRIPTION(
/* description */ (''),
/* implementation_level */ '2;1');

FILE_NAME(
/* name */ 'cabeza parte de atrs.step',
/* time_stamp */ '2026-07-13T17:08:12-04:00',
/* author */ (''),
/* organization */ (''),
/* preprocessor_version */ 'ST-DEVELOPER v20.1',
/* originating_system */ 'Autodesk Translation Framework v15.8.0.0',
/* authorisation */ '');

FILE_SCHEMA (('AUTOMOTIVE_DESIGN { 1 0 10303 214 3 1 1 }'));
ENDSEC;

DATA;
#10=MECHANICAL_DESIGN_GEOMETRIC_PRESENTATION_REPRESENTATION('',(#13),#1480);
#11=SHAPE_REPRESENTATION_RELATIONSHIP('SRR','None',#1487,#12);
#12=ADVANCED_BREP_SHAPE_REPRESENTATION('',(#14),#1479);
#13=STYLED_ITEM('',(#1496),#14);
#14=MANIFOLD_SOLID_BREP('Cuerpo2',#483);
#15=SPHERICAL_SURFACE('',#536,56.5);
#16=SPHERICAL_SURFACE('',#540,57.5);
#17=SPHERICAL_SURFACE('',#544,56.5);
#18=SPHERICAL_SURFACE('',#547,56.5);
#19=SPHERICAL_SURFACE('',#556,56.5);
#20=FACE_BOUND('',#127,.T.);
#21=FACE_BOUND('',#131,.T.);
#22=FACE_BOUND('',#140,.T.);
#23=FACE_BOUND('',#142,.T.);
#24=FACE_BOUND('',#143,.T.);
#25=FACE_BOUND('',#144,.T.);
#26=CYLINDRICAL_SURFACE('',#503,2.50000000000006);
#27=CYLINDRICAL_SURFACE('',#516,2.5);
#28=CYLINDRICAL_SURFACE('',#524,2.50000000000014);
#29=CYLINDRICAL_SURFACE('',#534,1.6);
#30=CYLINDRICAL_SURFACE('',#542,1.6);
#31=CYLINDRICAL_SURFACE('',#545,1.6);
#32=CYLINDRICAL_SURFACE('',#551,1.525);
#33=CYLINDRICAL_SURFACE('',#557,3.);
#34=LINE('',#895,#52);
#35=LINE('',#896,#53);
#36=LINE('',#899,#54);
#37=LINE('',#1061,#55);
#38=LINE('',#1062,#56);
#39=LINE('',#1065,#57);
#40=LINE('',#1068,#58);
#41=LINE('',#1240,#59);
#42=LINE('',#1243,#60);
#43=LINE('',#1245,#61);
#44=LINE('',#1250,#62);
#45=LINE('',#1256,#63);
#46=LINE('',#1260,#64);
#47=LINE('',#1313,#65);
#48=LINE('',#1409,#66);
#49=LINE('',#1460,#67);
#50=LINE('',#1469,#68);
#51=LINE('',#1476,#69);
#52=VECTOR('',#572,10.);
#53=VECTOR('',#573,10.);
#54=VECTOR('',#576,10.);
#55=VECTOR('',#601,10.);
#56=VECTOR('',#602,10.);
#57=VECTOR('',#605,10.);
#58=VECTOR('',#610,10.);
#59=VECTOR('',#623,10.);
#60=VECTOR('',#626,10.);
#61=VECTOR('',#629,10.);
#62=VECTOR('',#634,10.);
#63=VECTOR('',#639,10.);
#64=VECTOR('',#644,10.);
#65=VECTOR('',#649,1.6);
#66=VECTOR('',#666,1.6);
#67=VECTOR('',#673,1.6);
#68=VECTOR('',#688,1.525);
#69=VECTOR('',#699,3.);
#70=PLANE('',#502);
#71=PLANE('',#515);
#72=PLANE('',#518);
#73=PLANE('',#526);
#74=PLANE('',#527);
#75=PLANE('',#550);
#76=PLANE('',#553);
#77=PLANE('',#555);
#78=TOROIDAL_SURFACE('',#498,55.1747224732486,1.);
#79=TOROIDAL_SURFACE('',#505,55.3895296965049,1.);
#80=TOROIDAL_SURFACE('',#511,55.3895296965049,1.);
#81=TOROIDAL_SURFACE('',#519,55.1747224732485,1.);
#82=TOROIDAL_SURFACE('',#548,42.8748172833967,3.);
#83=FACE_OUTER_BOUND('',#112,.T.);
#84=FACE_OUTER_BOUND('',#113,.T.);
#85=FACE_OUTER_BOUND('',#114,.T.);
#86=FACE_OUTER_BOUND('',#115,.T.);
#87=FACE_OUTER_BOUND('',#116,.T.);
#88=FACE_OUTER_BOUND('',#117,.T.);
#89=FACE_OUTER_BOUND('',#118,.T.);
#90=FACE_OUTER_BOUND('',#119,.T.);
#91=FACE_OUTER_BOUND('',#120,.T.);
#92=FACE_OUTER_BOUND('',#121,.T.);
#93=FACE_OUTER_BOUND('',#122,.T.);
#94=FACE_OUTER_BOUND('',#123,.T.);
#95=FACE_OUTER_BOUND('',#124,.T.);
#96=FACE_OUTER_BOUND('',#125,.T.);
#97=FACE_OUTER_BOUND('',#126,.T.);
#98=FACE_OUTER_BOUND('',#128,.T.);
#99=FACE_OUTER_BOUND('',#129,.T.);
#100=FACE_OUTER_BOUND('',#130,.T.);
#101=FACE_OUTER_BOUND('',#132,.T.);
#102=FACE_OUTER_BOUND('',#133,.T.);
#103=FACE_OUTER_BOUND('',#134,.T.);
#104=FACE_OUTER_BOUND('',#135,.T.);
#105=FACE_OUTER_BOUND('',#136,.T.);
#106=FACE_OUTER_BOUND('',#137,.T.);
#107=FACE_OUTER_BOUND('',#138,.T.);
#108=FACE_OUTER_BOUND('',#139,.T.);
#109=FACE_OUTER_BOUND('',#141,.T.);
#110=FACE_OUTER_BOUND('',#145,.T.);
#111=FACE_OUTER_BOUND('',#146,.T.);
#112=EDGE_LOOP('',(#313,#314,#315,#316));
#113=EDGE_LOOP('',(#317,#318,#319,#320));
#114=EDGE_LOOP('',(#321,#322,#323));
#115=EDGE_LOOP('',(#324,#325,#326,#327));
#116=EDGE_LOOP('',(#328,#329,#330,#331));
#117=EDGE_LOOP('',(#332,#333,#334,#335));
#118=EDGE_LOOP('',(#336,#337,#338,#339));
#119=EDGE_LOOP('',(#340,#341,#342));
#120=EDGE_LOOP('',(#343,#344,#345,#346));
#121=EDGE_LOOP('',(#347,#348,#349));
#122=EDGE_LOOP('',(#350,#351,#352,#353));
#123=EDGE_LOOP('',(#354,#355,#356,#357));
#124=EDGE_LOOP('',(#358,#359,#360,#361));
#125=EDGE_LOOP('',(#362,#363,#364));
#126=EDGE_LOOP('',(#365,#366,#367,#368,#369,#370,#371,#372,#373,#374,#375,
#376));
#127=EDGE_LOOP('',(#377));
#128=EDGE_LOOP('',(#378,#379,#380,#381,#382));
#129=EDGE_LOOP('',(#383,#384,#385,#386,#387,#388,#389,#390,#391,#392,#393,
#394));
#130=EDGE_LOOP('',(#395,#396));
#131=EDGE_LOOP('',(#397,#398));
#132=EDGE_LOOP('',(#399,#400,#401,#402,#403));
#133=EDGE_LOOP('',(#404,#405));
#134=EDGE_LOOP('',(#406,#407,#408,#409,#410));
#135=EDGE_LOOP('',(#411,#412));
#136=EDGE_LOOP('',(#413,#414,#415,#416));
#137=EDGE_LOOP('',(#417,#418));
#138=EDGE_LOOP('',(#419,#420,#421,#422));
#139=EDGE_LOOP('',(#423));
#140=EDGE_LOOP('',(#424));
#141=EDGE_LOOP('',(#425,#426,#427,#428,#429,#430,#431,#432,#433,#434,#435,
#436,#437,#438,#439,#440));
#142=EDGE_LOOP('',(#441));
#143=EDGE_LOOP('',(#442));
#144=EDGE_LOOP('',(#443));
#145=EDGE_LOOP('',(#444,#445));
#146=EDGE_LOOP('',(#446,#447,#448,#449,#450));
#147=CIRCLE('',#497,1.);
#148=CIRCLE('',#499,1.);
#149=CIRCLE('',#500,56.1688616169107);
#150=CIRCLE('',#501,55.1747224732486);
#151=CIRCLE('',#504,2.50000000000006);
#152=CIRCLE('',#506,1.);
#153=CIRCLE('',#507,56.3875392405861);
#154=CIRCLE('',#508,1.);
#155=CIRCLE('',#509,55.3895296965049);
#156=CIRCLE('',#510,1.);
#157=CIRCLE('',#512,1.);
#158=CIRCLE('',#513,56.3875392405861);
#159=CIRCLE('',#514,55.3895296965049);
#160=CIRCLE('',#517,2.5);
#161=CIRCLE('',#520,1.);
#162=CIRCLE('',#521,56.1688616169107);
#163=CIRCLE('',#522,1.);
#164=CIRCLE('',#523,55.1747224732485);
#165=CIRCLE('',#525,2.50000000000014);
#166=CIRCLE('',#528,57.5);
#167=CIRCLE('',#529,56.5);
#168=CIRCLE('',#530,3.);
#169=CIRCLE('',#531,3.);
#170=CIRCLE('',#532,56.5);
#171=CIRCLE('',#533,1.525);
#172=CIRCLE('',#535,1.6);
#173=CIRCLE('',#537,56.5);
#174=CIRCLE('',#538,56.5);
#175=CIRCLE('',#539,45.2790126450825);
#176=CIRCLE('',#541,57.5);
#177=CIRCLE('',#543,1.6);
#178=CIRCLE('',#546,1.6);
#179=CIRCLE('',#549,42.8748172833967);
#180=CIRCLE('',#552,1.525);
#181=CIRCLE('',#554,3.);
#182=B_SPLINE_CURVE_WITH_KNOTS('',3,(#835,#836,#837,#838,#839,#840,#841,
#842),.UNSPECIFIED.,.F.,.F.,(4,2,2,4),(0.,0.168648918979855,0.587833038730288,
0.590767089797944),.UNSPECIFIED.);
#183=B_SPLINE_CURVE_WITH_KNOTS('',3,(#844,#845,#846,#847,#848,#849,#850,
#851,#852,#853,#854,#855,#856,#857,#858,#859,#860,#861,#862,#863,#864,#865),
 .UNSPECIFIED.,.F.,.F.,(4,1,1,1,1,1,1,1,1,1,1,1,1,1,1,1,1,1,1,4),(1.77352574189965,
2.09037993218747,2.24880702959106,2.40723412699464,2.48644767569643,2.56566122439822,
2.64487477310001,2.68448154745091,2.70428493462636,2.7240883218018,2.8033018705036,
2.88251541920539,2.96172896790718,3.00133574225808,3.04094251660897,3.19936961401255,
3.27858316271435,3.35779671141614,3.6746509062233,3.99150510103047),
 .UNSPECIFIED.);
#184=B_SPLINE_CURVE_WITH_KNOTS('',3,(#868,#869,#870,#871,#872,#873,#874,
#875,#876,#877,#878,#879,#880,#881,#882,#883,#884,#885,#886),
 .UNSPECIFIED.,.F.,.F.,(4,1,1,1,1,1,1,1,1,1,1,1,1,1,1,1,4),(-3.99150510103047,
-3.6746509062233,-3.35779671141614,-3.27858316271435,-3.19936961401255,
-3.04094251660897,-3.00133574225808,-2.96172896790718,-2.88251541920539,
-2.8033018705036,-2.7240883218018,-2.70428493462636,-2.68448154745091,-2.64487477310001,
-2.56566122439822,-2.48644767569643,-2.47705159230392),.UNSPECIFIED.);
#185=B_SPLINE_CURVE_WITH_KNOTS('',3,(#1013,#1014,#1015,#1016,#1017,#1018,
#1019,#1020,#1021,#1022,#1023,#1024,#1025,#1026,#1027,#1028,#1029,#1030,
#1031,#1032),.UNSPECIFIED.,.F.,.F.,(4,1,1,1,1,1,1,1,1,1,1,1,1,1,1,1,1,4),
(-2.20215771381472,-1.88756375469833,-1.73026677514013,-1.57296979558194,
-1.53364555069239,-1.49432130580284,-1.41567281602375,-1.33702432624465,
-1.2977000813551,-1.25837583646555,-1.10107885690736,-1.02243036712826,
-0.983106122238713,-0.943781877349164,-0.78648489779097,-0.629187918232776,
-0.314593959116388,0.),.UNSPECIFIED.);
#186=B_SPLINE_CURVE_WITH_KNOTS('',3,(#1033,#1034,#1035,#1036,#1037,#1038,
#1039,#1040,#1041,#1042,#1043,#1044,#1045,#1046,#1047,#1048,#1049,#1050,
#1051,#1052),.UNSPECIFIED.,.F.,.F.,(4,1,1,1,1,1,1,1,1,1,1,1,1,1,1,1,1,4),
(0.,0.314593959116388,0.629187918232776,0.78648489779097,0.943781877349164,
0.983106122238713,1.02243036712826,1.10107885690736,1.25837583646555,1.2977000813551,
1.33702432624465,1.41567281602375,1.49432130580284,1.53364555069239,1.57296979558194,
1.73026677514013,1.88756375469833,2.20215771381472),.UNSPECIFIED.);
#187=B_SPLINE_CURVE_WITH_KNOTS('',3,(#1194,#1195,#1196,#1197,#1198,#1199,
#1200,#1201),.UNSPECIFIED.,.F.,.F.,(4,2,2,4),(-0.00447785695846211,0.,0.639747486464663,
0.897134929694777),.UNSPECIFIED.);
#188=B_SPLINE_CURVE_WITH_KNOTS('',3,(#1202,#1203,#1204,#1205,#1206,#1207,
#1208,#1209,#1210,#1211,#1212,#1213,#1214,#1215,#1216,#1217,#1218),
 .UNSPECIFIED.,.F.,.F.,(4,1,1,1,1,1,1,1,1,1,1,1,1,1,4),(-1.5145137847481,
-1.42584416569038,-1.26741703616923,-1.18820347140865,-1.14859668902836,
-1.10898990664807,-0.950562777126921,-0.910955994746632,-0.871349212366344,
-0.792135647605767,-0.712922082845191,-0.633708518084614,-0.47528138856346,
-0.316854259042307,0.),.UNSPECIFIED.);
#189=B_SPLINE_CURVE_WITH_KNOTS('',3,(#1219,#1220,#1221,#1222,#1223,#1224,
#1225,#1226,#1227,#1228,#1229,#1230,#1231,#1232,#1233,#1234,#1235,#1236,
#1237),.UNSPECIFIED.,.F.,.F.,(4,1,1,1,1,1,1,1,1,1,1,1,1,1,1,1,4),(0.,0.316854259042307,
0.47528138856346,0.633708518084614,0.712922082845191,0.792135647605767,
0.871349212366344,0.910955994746632,0.950562777126921,1.10898990664807,
1.14859668902836,1.18820347140865,1.26741703616923,1.42584416569038,1.58427129521153,
1.90112555425384,2.21797981329615),.UNSPECIFIED.);
#190=B_SPLINE_CURVE_WITH_KNOTS('',3,(#1266,#1267,#1268,#1269,#1270,#1271,
#1272,#1273,#1274,#1275,#1276,#1277,#1278,#1279,#1280,#1281,#1282,#1283,
#1284,#1285,#1286,#1287),.UNSPECIFIED.,.F.,.F.,(4,2,2,2,2,2,2,2,2,2,4),
(0.,0.0312387145946753,0.0624774291893506,0.124954858378701,0.303847008491064,
0.482739158603427,0.688969459737947,0.895199760872467,0.978459720140626,
0.997753087515227,1.01704645488983),.UNSPECIFIED.);
#191=B_SPLINE_CURVE_WITH_KNOTS('',3,(#1288,#1289,#1290,#1291,#1292,#1293,
#1294,#1295,#1296,#1297,#1298,#1299,#1300,#1301,#1302,#1303,#1304,#1305,
#1306,#1307,#1308,#1309,#1310,#1311),.UNSPECIFIED.,.F.,.F.,(4,2,2,2,2,2,
2,2,2,2,2,4),(1.01704645488983,1.0358201988006,1.05459394271138,1.09214143053293,
1.16723640617603,1.37743424363968,1.58763208110333,1.75786080852871,1.92808953595409,
1.99673941361203,2.01811156567257,2.03948371773311),.UNSPECIFIED.);
#192=B_SPLINE_CURVE_WITH_KNOTS('',3,(#1323,#1324,#1325,#1326,#1327,#1328,
#1329,#1330,#1331,#1332,#1333,#1334,#1335,#1336,#1337,#1338,#1339,#1340),
 .UNSPECIFIED.,.F.,.F.,(4,2,2,2,2,2,2,2,4),(0.,0.112162614589707,0.224325229179413,
0.387460284944808,0.550595340710203,0.709259895619304,0.867924450528406,
0.979313605653006,1.09070276077761),.UNSPECIFIED.);
#193=B_SPLINE_CURVE_WITH_KNOTS('',3,(#1341,#1342,#1343,#1344,#1345,#1346,
#1347,#1348,#1349,#1350,#1351,#1352,#1353,#1354,#1355,#1356,#1357,#1358),
 .UNSPECIFIED.,.F.,.F.,(4,2,2,2,2,2,2,2,4),(1.09070276077761,1.20209191590221,
1.31348107102681,1.47214562593591,1.63081018084501,1.7939452366104,1.9570802923758,
2.06924290696551,2.18140552155521),.UNSPECIFIED.);
#194=B_SPLINE_CURVE_WITH_KNOTS('',3,(#1362,#1363,#1364,#1365,#1366,#1367,
#1368,#1369,#1370,#1371,#1372,#1373,#1374,#1375,#1376,#1377,#1378,#1379,
#1380,#1381,#1382,#1383),.UNSPECIFIED.,.F.,.F.,(4,2,2,2,2,2,2,2,2,2,4),
(0.,0.0192933647247322,0.0385867294494644,0.121846707827611,0.328077088229337,
0.534307468631062,0.713199664298525,0.892091859965988,0.95456929050042,
0.985808005767636,1.01704672103485),.UNSPECIFIED.);
#195=B_SPLINE_CURVE_WITH_KNOTS('',3,(#1384,#1385,#1386,#1387,#1388,#1389,
#1390,#1391,#1392,#1393,#1394,#1395,#1396,#1397,#1398,#1399,#1400,#1401,
#1402,#1403,#1404,#1405,#1406,#1407),.UNSPECIFIED.,.F.,.F.,(4,2,2,2,2,2,
2,2,2,2,2,4),(1.01704672103485,1.03841887155228,1.05979102206971,1.12844090236558,
1.29866967125974,1.4688984401539,1.67909635629439,1.88929427243487,1.96438926471021,
2.00193676084787,2.02071050891671,2.03948425698554),.UNSPECIFIED.);
#196=B_SPLINE_CURVE_WITH_KNOTS('',3,(#1415,#1416,#1417,#1418,#1419,#1420,
#1421,#1422,#1423,#1424,#1425,#1426,#1427,#1428,#1429,#1430,#1431,#1432,
#1433,#1434,#1435,#1436),.UNSPECIFIED.,.F.,.F.,(4,2,2,2,2,2,2,2,2,2,4),
(0.,0.206497265590842,0.412994531181685,0.502245240698602,0.522059599781461,
0.541873958864321,0.561688317947181,0.581502677030041,0.670753386546957,
0.8772506521378,1.08374791772864),.UNSPECIFIED.);
#197=B_SPLINE_CURVE_WITH_KNOTS('',3,(#1437,#1438,#1439,#1440,#1441,#1442,
#1443,#1444,#1445,#1446,#1447,#1448,#1449,#1450,#1451,#1452,#1453,#1454,
#1455,#1456,#1457,#1458),.UNSPECIFIED.,.F.,.F.,(4,2,2,2,2,2,2,2,2,2,4),
(1.08374791772864,1.25721025808698,1.43067259844532,1.50272916392059,1.52423054846683,
1.54573193301308,1.56723331755932,1.58873470210557,1.66079126758083,1.83425360793917,
2.00771594829751),.UNSPECIFIED.);
#198=VERTEX_POINT('',#833);
#199=VERTEX_POINT('',#834);
#200=VERTEX_POINT('',#843);
#201=VERTEX_POINT('',#866);
#202=VERTEX_POINT('',#888);
#203=VERTEX_POINT('',#889);
#204=VERTEX_POINT('',#894);
#205=VERTEX_POINT('',#898);
#206=VERTEX_POINT('',#902);
#207=VERTEX_POINT('',#903);
#208=VERTEX_POINT('',#905);
#209=VERTEX_POINT('',#907);
#210=VERTEX_POINT('',#1010);
#211=VERTEX_POINT('',#1011);
#212=VERTEX_POINT('',#1054);
#213=VERTEX_POINT('',#1055);
#214=VERTEX_POINT('',#1060);
#215=VERTEX_POINT('',#1064);
#216=VERTEX_POINT('',#1070);
#217=VERTEX_POINT('',#1071);
#218=VERTEX_POINT('',#1073);
#219=VERTEX_POINT('',#1075);
#220=VERTEX_POINT('',#1192);
#221=VERTEX_POINT('',#1193);
#222=VERTEX_POINT('',#1239);
#223=VERTEX_POINT('',#1241);
#224=VERTEX_POINT('',#1247);
#225=VERTEX_POINT('',#1248);
#226=VERTEX_POINT('',#1251);
#227=VERTEX_POINT('',#1253);
#228=VERTEX_POINT('',#1255);
#229=VERTEX_POINT('',#1257);
#230=VERTEX_POINT('',#1261);
#231=VERTEX_POINT('',#1264);
#232=VERTEX_POINT('',#1265);
#233=VERTEX_POINT('',#1312);
#234=VERTEX_POINT('',#1321);
#235=VERTEX_POINT('',#1322);
#236=VERTEX_POINT('',#1360);
#237=VERTEX_POINT('',#1361);
#238=VERTEX_POINT('',#1408);
#239=VERTEX_POINT('',#1413);
#240=VERTEX_POINT('',#1414);
#241=VERTEX_POINT('',#1459);
#242=VERTEX_POINT('',#1467);
#243=VERTEX_POINT('',#1471);
#244=EDGE_CURVE('',#198,#199,#182,.T.);
#245=EDGE_CURVE('',#199,#200,#183,.T.);
#246=EDGE_CURVE('',#200,#201,#147,.T.);
#247=EDGE_CURVE('',#201,#198,#184,.T.);
#248=EDGE_CURVE('',#202,#203,#148,.T.);
#249=EDGE_CURVE('',#203,#201,#149,.T.);
#250=EDGE_CURVE('',#200,#202,#150,.T.);
#251=EDGE_CURVE('',#204,#200,#34,.T.);
#252=EDGE_CURVE('',#202,#204,#35,.T.);
#253=EDGE_CURVE('',#205,#199,#36,.T.);
#254=EDGE_CURVE('',#204,#205,#151,.T.);
#255=EDGE_CURVE('',#206,#207,#152,.T.);
#256=EDGE_CURVE('',#207,#208,#153,.T.);
#257=EDGE_CURVE('',#208,#209,#154,.T.);
#258=EDGE_CURVE('',#209,#206,#155,.T.);
#259=EDGE_CURVE('',#210,#211,#156,.T.);
#260=EDGE_CURVE('',#211,#207,#185,.T.);
#261=EDGE_CURVE('',#206,#210,#186,.T.);
#262=EDGE_CURVE('',#212,#213,#157,.T.);
#263=EDGE_CURVE('',#213,#211,#158,.T.);
#264=EDGE_CURVE('',#210,#212,#159,.T.);
#265=EDGE_CURVE('',#214,#210,#37,.T.);
#266=EDGE_CURVE('',#212,#214,#38,.T.);
#267=EDGE_CURVE('',#215,#206,#39,.T.);
#268=EDGE_CURVE('',#214,#215,#160,.T.);
#269=EDGE_CURVE('',#209,#215,#40,.T.);
#270=EDGE_CURVE('',#216,#217,#161,.T.);
#271=EDGE_CURVE('',#217,#218,#162,.T.);
#272=EDGE_CURVE('',#218,#219,#163,.T.);
#273=EDGE_CURVE('',#219,#216,#164,.T.);
#274=EDGE_CURVE('',#220,#221,#187,.T.);
#275=EDGE_CURVE('',#221,#217,#188,.T.);
#276=EDGE_CURVE('',#216,#220,#189,.T.);
#277=EDGE_CURVE('',#222,#216,#41,.T.);
#278=EDGE_CURVE('',#223,#222,#165,.T.);
#279=EDGE_CURVE('',#223,#220,#42,.T.);
#280=EDGE_CURVE('',#219,#222,#43,.T.);
#281=EDGE_CURVE('',#224,#225,#166,.T.);
#282=EDGE_CURVE('',#224,#205,#44,.T.);
#283=EDGE_CURVE('',#198,#226,#167,.T.);
#284=EDGE_CURVE('',#227,#226,#168,.T.);
#285=EDGE_CURVE('',#228,#227,#45,.T.);
#286=EDGE_CURVE('',#229,#228,#169,.T.);
#287=EDGE_CURVE('',#229,#221,#170,.T.);
#288=EDGE_CURVE('',#225,#223,#46,.T.);
#289=EDGE_CURVE('',#230,#230,#171,.T.);
#290=EDGE_CURVE('',#231,#232,#190,.T.);
#291=EDGE_CURVE('',#232,#231,#191,.T.);
#292=EDGE_CURVE('',#232,#233,#47,.T.);
#293=EDGE_CURVE('',#233,#233,#172,.T.);
#294=EDGE_CURVE('',#208,#203,#173,.T.);
#295=EDGE_CURVE('',#218,#213,#174,.T.);
#296=EDGE_CURVE('',#226,#229,#175,.T.);
#297=EDGE_CURVE('',#224,#225,#176,.T.);
#298=EDGE_CURVE('',#234,#235,#192,.T.);
#299=EDGE_CURVE('',#235,#234,#193,.T.);
#300=EDGE_CURVE('',#236,#237,#194,.T.);
#301=EDGE_CURVE('',#237,#236,#195,.T.);
#302=EDGE_CURVE('',#237,#238,#48,.T.);
#303=EDGE_CURVE('',#238,#238,#177,.T.);
#304=EDGE_CURVE('',#239,#240,#196,.T.);
#305=EDGE_CURVE('',#240,#239,#197,.T.);
#306=EDGE_CURVE('',#240,#241,#49,.T.);
#307=EDGE_CURVE('',#241,#241,#178,.T.);
#308=EDGE_CURVE('',#228,#227,#179,.T.);
#309=EDGE_CURVE('',#242,#242,#180,.T.);
#310=EDGE_CURVE('',#242,#230,#50,.T.);
#311=EDGE_CURVE('',#243,#243,#181,.T.);
#312=EDGE_CURVE('',#243,#235,#51,.T.);
#313=ORIENTED_EDGE('',*,*,#244,.T.);
#314=ORIENTED_EDGE('',*,*,#245,.T.);
#315=ORIENTED_EDGE('',*,*,#246,.T.);
#316=ORIENTED_EDGE('',*,*,#247,.T.);
#317=ORIENTED_EDGE('',*,*,#248,.T.);
#318=ORIENTED_EDGE('',*,*,#249,.T.);
#319=ORIENTED_EDGE('',*,*,#246,.F.);
#320=ORIENTED_EDGE('',*,*,#250,.T.);
#321=ORIENTED_EDGE('',*,*,#250,.F.);
#322=ORIENTED_EDGE('',*,*,#251,.F.);
#323=ORIENTED_EDGE('',*,*,#252,.F.);
#324=ORIENTED_EDGE('',*,*,#245,.F.);
#325=ORIENTED_EDGE('',*,*,#253,.F.);
#326=ORIENTED_EDGE('',*,*,#254,.F.);
#327=ORIENTED_EDGE('',*,*,#251,.T.);
#328=ORIENTED_EDGE('',*,*,#255,.T.);
#329=ORIENTED_EDGE('',*,*,#256,.T.);
#330=ORIENTED_EDGE('',*,*,#257,.T.);
#331=ORIENTED_EDGE('',*,*,#258,.T.);
#332=ORIENTED_EDGE('',*,*,#259,.T.);
#333=ORIENTED_EDGE('',*,*,#260,.T.);
#334=ORIENTED_EDGE('',*,*,#255,.F.);
#335=ORIENTED_EDGE('',*,*,#261,.T.);
#336=ORIENTED_EDGE('',*,*,#262,.T.);
#337=ORIENTED_EDGE('',*,*,#263,.T.);
#338=ORIENTED_EDGE('',*,*,#259,.F.);
#339=ORIENTED_EDGE('',*,*,#264,.T.);
#340=ORIENTED_EDGE('',*,*,#264,.F.);
#341=ORIENTED_EDGE('',*,*,#265,.F.);
#342=ORIENTED_EDGE('',*,*,#266,.F.);
#343=ORIENTED_EDGE('',*,*,#261,.F.);
#344=ORIENTED_EDGE('',*,*,#267,.F.);
#345=ORIENTED_EDGE('',*,*,#268,.F.);
#346=ORIENTED_EDGE('',*,*,#265,.T.);
#347=ORIENTED_EDGE('',*,*,#258,.F.);
#348=ORIENTED_EDGE('',*,*,#269,.T.);
#349=ORIENTED_EDGE('',*,*,#267,.T.);
#350=ORIENTED_EDGE('',*,*,#270,.T.);
#351=ORIENTED_EDGE('',*,*,#271,.T.);
#352=ORIENTED_EDGE('',*,*,#272,.T.);
#353=ORIENTED_EDGE('',*,*,#273,.T.);
#354=ORIENTED_EDGE('',*,*,#274,.T.);
#355=ORIENTED_EDGE('',*,*,#275,.T.);
#356=ORIENTED_EDGE('',*,*,#270,.F.);
#357=ORIENTED_EDGE('',*,*,#276,.T.);
#358=ORIENTED_EDGE('',*,*,#276,.F.);
#359=ORIENTED_EDGE('',*,*,#277,.F.);
#360=ORIENTED_EDGE('',*,*,#278,.F.);
#361=ORIENTED_EDGE('',*,*,#279,.T.);
#362=ORIENTED_EDGE('',*,*,#273,.F.);
#363=ORIENTED_EDGE('',*,*,#280,.T.);
#364=ORIENTED_EDGE('',*,*,#277,.T.);
#365=ORIENTED_EDGE('',*,*,#281,.F.);
#366=ORIENTED_EDGE('',*,*,#282,.T.);
#367=ORIENTED_EDGE('',*,*,#253,.T.);
#368=ORIENTED_EDGE('',*,*,#244,.F.);
#369=ORIENTED_EDGE('',*,*,#283,.T.);
#370=ORIENTED_EDGE('',*,*,#284,.F.);
#371=ORIENTED_EDGE('',*,*,#285,.F.);
#372=ORIENTED_EDGE('',*,*,#286,.F.);
#373=ORIENTED_EDGE('',*,*,#287,.T.);
#374=ORIENTED_EDGE('',*,*,#274,.F.);
#375=ORIENTED_EDGE('',*,*,#279,.F.);
#376=ORIENTED_EDGE('',*,*,#288,.F.);
#377=ORIENTED_EDGE('',*,*,#289,.T.);
#378=ORIENTED_EDGE('',*,*,#290,.F.);
#379=ORIENTED_EDGE('',*,*,#291,.F.);
#380=ORIENTED_EDGE('',*,*,#292,.T.);
#381=ORIENTED_EDGE('',*,*,#293,.F.);
#382=ORIENTED_EDGE('',*,*,#292,.F.);
#383=ORIENTED_EDGE('',*,*,#249,.F.);
#384=ORIENTED_EDGE('',*,*,#294,.F.);
#385=ORIENTED_EDGE('',*,*,#256,.F.);
#386=ORIENTED_EDGE('',*,*,#260,.F.);
#387=ORIENTED_EDGE('',*,*,#263,.F.);
#388=ORIENTED_EDGE('',*,*,#295,.F.);
#389=ORIENTED_EDGE('',*,*,#271,.F.);
#390=ORIENTED_EDGE('',*,*,#275,.F.);
#391=ORIENTED_EDGE('',*,*,#287,.F.);
#392=ORIENTED_EDGE('',*,*,#296,.F.);
#393=ORIENTED_EDGE('',*,*,#283,.F.);
#394=ORIENTED_EDGE('',*,*,#247,.F.);
#395=ORIENTED_EDGE('',*,*,#281,.T.);
#396=ORIENTED_EDGE('',*,*,#297,.F.);
#397=ORIENTED_EDGE('',*,*,#298,.T.);
#398=ORIENTED_EDGE('',*,*,#299,.T.);
#399=ORIENTED_EDGE('',*,*,#300,.F.);
#400=ORIENTED_EDGE('',*,*,#301,.F.);
#401=ORIENTED_EDGE('',*,*,#302,.T.);
#402=ORIENTED_EDGE('',*,*,#303,.F.);
#403=ORIENTED_EDGE('',*,*,#302,.F.);
#404=ORIENTED_EDGE('',*,*,#300,.T.);
#405=ORIENTED_EDGE('',*,*,#301,.T.);
#406=ORIENTED_EDGE('',*,*,#304,.F.);
#407=ORIENTED_EDGE('',*,*,#305,.F.);
#408=ORIENTED_EDGE('',*,*,#306,.T.);
#409=ORIENTED_EDGE('',*,*,#307,.F.);
#410=ORIENTED_EDGE('',*,*,#306,.F.);
#411=ORIENTED_EDGE('',*,*,#290,.T.);
#412=ORIENTED_EDGE('',*,*,#291,.T.);
#413=ORIENTED_EDGE('',*,*,#286,.T.);
#414=ORIENTED_EDGE('',*,*,#308,.T.);
#415=ORIENTED_EDGE('',*,*,#284,.T.);
#416=ORIENTED_EDGE('',*,*,#296,.T.);
#417=ORIENTED_EDGE('',*,*,#308,.F.);
#418=ORIENTED_EDGE('',*,*,#285,.T.);
#419=ORIENTED_EDGE('',*,*,#309,.F.);
#420=ORIENTED_EDGE('',*,*,#310,.T.);
#421=ORIENTED_EDGE('',*,*,#289,.F.);
#422=ORIENTED_EDGE('',*,*,#310,.F.);
#423=ORIENTED_EDGE('',*,*,#311,.F.);
#424=ORIENTED_EDGE('',*,*,#309,.T.);
#425=ORIENTED_EDGE('',*,*,#297,.T.);
#426=ORIENTED_EDGE('',*,*,#288,.T.);
#427=ORIENTED_EDGE('',*,*,#278,.T.);
#428=ORIENTED_EDGE('',*,*,#280,.F.);
#429=ORIENTED_EDGE('',*,*,#272,.F.);
#430=ORIENTED_EDGE('',*,*,#295,.T.);
#431=ORIENTED_EDGE('',*,*,#262,.F.);
#432=ORIENTED_EDGE('',*,*,#266,.T.);
#433=ORIENTED_EDGE('',*,*,#268,.T.);
#434=ORIENTED_EDGE('',*,*,#269,.F.);
#435=ORIENTED_EDGE('',*,*,#257,.F.);
#436=ORIENTED_EDGE('',*,*,#294,.T.);
#437=ORIENTED_EDGE('',*,*,#248,.F.);
#438=ORIENTED_EDGE('',*,*,#252,.T.);
#439=ORIENTED_EDGE('',*,*,#254,.T.);
#440=ORIENTED_EDGE('',*,*,#282,.F.);
#441=ORIENTED_EDGE('',*,*,#293,.T.);
#442=ORIENTED_EDGE('',*,*,#303,.T.);
#443=ORIENTED_EDGE('',*,*,#307,.T.);
#444=ORIENTED_EDGE('',*,*,#304,.T.);
#445=ORIENTED_EDGE('',*,*,#305,.T.);
#446=ORIENTED_EDGE('',*,*,#311,.T.);
#447=ORIENTED_EDGE('',*,*,#312,.T.);
#448=ORIENTED_EDGE('',*,*,#298,.F.);
#449=ORIENTED_EDGE('',*,*,#299,.F.);
#450=ORIENTED_EDGE('',*,*,#312,.F.);
#451=B_SPLINE_SURFACE_WITH_KNOTS('',3,3,((#701,#702,#703,#704,#705,#706,
#707,#708,#709,#710,#711,#712,#713,#714,#715,#716,#717,#718,#719,#720,#721,
#722),(#723,#724,#725,#726,#727,#728,#729,#730,#731,#732,#733,#734,#735,
#736,#737,#738,#739,#740,#741,#742,#743,#744),(#745,#746,#747,#748,#749,
#750,#751,#752,#753,#754,#755,#756,#757,#758,#759,#760,#761,#762,#763,#764,
#765,#766),(#767,#768,#769,#770,#771,#772,#773,#774,#775,#776,#777,#778,
#779,#780,#781,#782,#783,#784,#785,#786,#787,#788),(#789,#790,#791,#792,
#793,#794,#795,#796,#797,#798,#799,#800,#801,#802,#803,#804,#805,#806,#807,
#808,#809,#810),(#811,#812,#813,#814,#815,#816,#817,#818,#819,#820,#821,
#822,#823,#824,#825,#826,#827,#828,#829,#830,#831,#832)),.UNSPECIFIED.,
 .F.,.F.,.F.,(4,1,1,4),(4,1,1,1,1,1,1,1,1,1,1,1,1,1,1,1,1,1,1,4),(0.,0.285714285714286,
0.571428571428571,1.),(1.77352573738031,2.09037993218747,2.24880702959106,
2.40723412699464,2.48644767569643,2.56566122439822,2.64487477310001,2.68448154745091,
2.70428493462636,2.7240883218018,2.8033018705036,2.88251541920539,2.96172896790718,
3.00133574225808,3.04094251660897,3.19936961401255,3.27858316271435,3.35779671141614,
3.6746509062233,3.99150510103047),.UNSPECIFIED.);
#452=B_SPLINE_SURFACE_WITH_KNOTS('',3,3,((#910,#911,#912,#913,#914,#915,
#916,#917,#918,#919,#920,#921,#922,#923,#924,#925,#926,#927,#928,#929),
(#930,#931,#932,#933,#934,#935,#936,#937,#938,#939,#940,#941,#942,#943,
#944,#945,#946,#947,#948,#949),(#950,#951,#952,#953,#954,#955,#956,#957,
#958,#959,#960,#961,#962,#963,#964,#965,#966,#967,#968,#969),(#970,#971,
#972,#973,#974,#975,#976,#977,#978,#979,#980,#981,#982,#983,#984,#985,#986,
#987,#988,#989),(#990,#991,#992,#993,#994,#995,#996,#997,#998,#999,#1000,
#1001,#1002,#1003,#1004,#1005,#1006,#1007,#1008,#1009)),.UNSPECIFIED.,.F.,
 .F.,.F.,(4,1,4),(4,1,1,1,1,1,1,1,1,1,1,1,1,1,1,1,1,4),(0.,0.571428571428571,
1.),(0.,0.314593959116388,0.629187918232776,0.78648489779097,0.943781877349164,
0.983106122238713,1.02243036712826,1.10107885690736,1.25837583646555,1.2977000813551,
1.33702432624465,1.41567281602375,1.49432130580284,1.53364555069239,1.57296979558194,
1.73026677514013,1.88756375469833,2.20215771381472),.UNSPECIFIED.);
#453=B_SPLINE_SURFACE_WITH_KNOTS('',3,3,((#1078,#1079,#1080,#1081,#1082,
#1083,#1084,#1085,#1086,#1087,#1088,#1089,#1090,#1091,#1092,#1093,#1094,
#1095,#1096),(#1097,#1098,#1099,#1100,#1101,#1102,#1103,#1104,#1105,#1106,
#1107,#1108,#1109,#1110,#1111,#1112,#1113,#1114,#1115),(#1116,#1117,#1118,
#1119,#1120,#1121,#1122,#1123,#1124,#1125,#1126,#1127,#1128,#1129,#1130,
#1131,#1132,#1133,#1134),(#1135,#1136,#1137,#1138,#1139,#1140,#1141,#1142,
#1143,#1144,#1145,#1146,#1147,#1148,#1149,#1150,#1151,#1152,#1153),(#1154,
#1155,#1156,#1157,#1158,#1159,#1160,#1161,#1162,#1163,#1164,#1165,#1166,
#1167,#1168,#1169,#1170,#1171,#1172),(#1173,#1174,#1175,#1176,#1177,#1178,
#1179,#1180,#1181,#1182,#1183,#1184,#1185,#1186,#1187,#1188,#1189,#1190,
#1191)),.UNSPECIFIED.,.F.,.F.,.F.,(4,1,1,4),(4,1,1,1,1,1,1,1,1,1,1,1,1,
1,1,1,4),(0.,0.285714285714286,0.571428571428571,1.),(0.,0.316854259042307,
0.47528138856346,0.633708518084614,0.712922082845191,0.792135647605767,
0.871349212366344,0.910955994746632,0.950562777126921,1.10898990664807,
1.14859668902836,1.18820347140865,1.26741703616923,1.42584416569038,1.58427129521153,
1.90112555425384,2.21797981329615),.UNSPECIFIED.);
#454=ADVANCED_FACE('',(#83),#451,.T.);
#455=ADVANCED_FACE('',(#84),#78,.F.);
#456=ADVANCED_FACE('',(#85),#70,.T.);
#457=ADVANCED_FACE('',(#86),#26,.T.);
#458=ADVANCED_FACE('',(#87),#79,.F.);
#459=ADVANCED_FACE('',(#88),#452,.T.);
#460=ADVANCED_FACE('',(#89),#80,.F.);
#461=ADVANCED_FACE('',(#90),#71,.T.);
#462=ADVANCED_FACE('',(#91),#27,.T.);
#463=ADVANCED_FACE('',(#92),#72,.T.);
#464=ADVANCED_FACE('',(#93),#81,.F.);
#465=ADVANCED_FACE('',(#94),#453,.T.);
#466=ADVANCED_FACE('',(#95),#28,.T.);
#467=ADVANCED_FACE('',(#96),#73,.T.);
#468=ADVANCED_FACE('',(#97,#20),#74,.F.);
#469=ADVANCED_FACE('',(#98),#29,.F.);
#470=ADVANCED_FACE('',(#99),#15,.F.);
#471=ADVANCED_FACE('',(#100,#21),#16,.T.);
#472=ADVANCED_FACE('',(#101),#30,.F.);
#473=ADVANCED_FACE('',(#102),#17,.F.);
#474=ADVANCED_FACE('',(#103),#31,.F.);
#475=ADVANCED_FACE('',(#104),#18,.F.);
#476=ADVANCED_FACE('',(#105),#82,.F.);
#477=ADVANCED_FACE('',(#106),#75,.T.);
#478=ADVANCED_FACE('',(#107),#32,.F.);
#479=ADVANCED_FACE('',(#108,#22),#76,.F.);
#480=ADVANCED_FACE('',(#109,#23,#24,#25),#77,.T.);
#481=ADVANCED_FACE('',(#110),#19,.F.);
#482=ADVANCED_FACE('',(#111),#33,.F.);
#483=CLOSED_SHELL('',(#454,#455,#456,#457,#458,#459,#460,#461,#462,#463,
#464,#465,#466,#467,#468,#469,#470,#471,#472,#473,#474,#475,#476,#477,#478,
#479,#480,#481,#482));
#484=DERIVED_UNIT_ELEMENT(#486,1.);
#485=DERIVED_UNIT_ELEMENT(#1482,-3.);
#486=(
MASS_UNIT()
NAMED_UNIT(*)
SI_UNIT(.KILO.,.GRAM.)
);
#487=DERIVED_UNIT((#484,#485));
#488=MEASURE_REPRESENTATION_ITEM('density measure',
POSITIVE_RATIO_MEASURE(7850.),#487);
#489=PROPERTY_DEFINITION_REPRESENTATION(#494,#491);
#490=PROPERTY_DEFINITION_REPRESENTATION(#495,#492);
#491=REPRESENTATION('material name',(#493),#1479);
#492=REPRESENTATION('density',(#488),#1479);
#493=DESCRIPTIVE_REPRESENTATION_ITEM('Acero','Acero');
#494=PROPERTY_DEFINITION('material property','material name',#1489);
#495=PROPERTY_DEFINITION('material property','density of part',#1489);
#496=AXIS2_PLACEMENT_3D('',#700,#558,#559);
#497=AXIS2_PLACEMENT_3D('',#867,#560,#561);
#498=AXIS2_PLACEMENT_3D('',#887,#562,#563);
#499=AXIS2_PLACEMENT_3D('',#890,#564,#565);
#500=AXIS2_PLACEMENT_3D('',#891,#566,#567);
#501=AXIS2_PLACEMENT_3D('',#892,#568,#569);
#502=AXIS2_PLACEMENT_3D('',#893,#570,#571);
#503=AXIS2_PLACEMENT_3D('',#897,#574,#575);
#504=AXIS2_PLACEMENT_3D('',#900,#577,#578);
#505=AXIS2_PLACEMENT_3D('',#901,#579,#580);
#506=AXIS2_PLACEMENT_3D('',#904,#581,#582);
#507=AXIS2_PLACEMENT_3D('',#906,#583,#584);
#508=AXIS2_PLACEMENT_3D('',#908,#585,#586);
#509=AXIS2_PLACEMENT_3D('',#909,#587,#588);
#510=AXIS2_PLACEMENT_3D('',#1012,#589,#590);
#511=AXIS2_PLACEMENT_3D('',#1053,#591,#592);
#512=AXIS2_PLACEMENT_3D('',#1056,#593,#594);
#513=AXIS2_PLACEMENT_3D('',#1057,#595,#596);
#514=AXIS2_PLACEMENT_3D('',#1058,#597,#598);
#515=AXIS2_PLACEMENT_3D('',#1059,#599,#600);
#516=AXIS2_PLACEMENT_3D('',#1063,#603,#604);
#517=AXIS2_PLACEMENT_3D('',#1066,#606,#607);
#518=AXIS2_PLACEMENT_3D('',#1067,#608,#609);
#519=AXIS2_PLACEMENT_3D('',#1069,#611,#612);
#520=AXIS2_PLACEMENT_3D('',#1072,#613,#614);
#521=AXIS2_PLACEMENT_3D('',#1074,#615,#616);
#522=AXIS2_PLACEMENT_3D('',#1076,#617,#618);
#523=AXIS2_PLACEMENT_3D('',#1077,#619,#620);
#524=AXIS2_PLACEMENT_3D('',#1238,#621,#622);
#525=AXIS2_PLACEMENT_3D('',#1242,#624,#625);
#526=AXIS2_PLACEMENT_3D('',#1244,#627,#628);
#527=AXIS2_PLACEMENT_3D('',#1246,#630,#631);
#528=AXIS2_PLACEMENT_3D('',#1249,#632,#633);
#529=AXIS2_PLACEMENT_3D('',#1252,#635,#636);
#530=AXIS2_PLACEMENT_3D('',#1254,#637,#638);
#531=AXIS2_PLACEMENT_3D('',#1258,#640,#641);
#532=AXIS2_PLACEMENT_3D('',#1259,#642,#643);
#533=AXIS2_PLACEMENT_3D('',#1262,#645,#646);
#534=AXIS2_PLACEMENT_3D('',#1263,#647,#648);
#535=AXIS2_PLACEMENT_3D('',#1314,#650,#651);
#536=AXIS2_PLACEMENT_3D('',#1315,#652,#653);
#537=AXIS2_PLACEMENT_3D('',#1316,#654,#655);
#538=AXIS2_PLACEMENT_3D('',#1317,#656,#657);
#539=AXIS2_PLACEMENT_3D('',#1318,#658,#659);
#540=AXIS2_PLACEMENT_3D('',#1319,#660,#661);
#541=AXIS2_PLACEMENT_3D('',#1320,#662,#663);
#542=AXIS2_PLACEMENT_3D('',#1359,#664,#665);
#543=AXIS2_PLACEMENT_3D('',#1410,#667,#668);
#544=AXIS2_PLACEMENT_3D('',#1411,#669,#670);
#545=AXIS2_PLACEMENT_3D('',#1412,#671,#672);
#546=AXIS2_PLACEMENT_3D('',#1461,#674,#675);
#547=AXIS2_PLACEMENT_3D('',#1462,#676,#677);
#548=AXIS2_PLACEMENT_3D('',#1463,#678,#679);
#549=AXIS2_PLACEMENT_3D('',#1464,#680,#681);
#550=AXIS2_PLACEMENT_3D('',#1465,#682,#683);
#551=AXIS2_PLACEMENT_3D('',#1466,#684,#685);
#552=AXIS2_PLACEMENT_3D('',#1468,#686,#687);
#553=AXIS2_PLACEMENT_3D('',#1470,#689,#690);
#554=AXIS2_PLACEMENT_3D('',#1472,#691,#692);
#555=AXIS2_PLACEMENT_3D('',#1473,#693,#694);
#556=AXIS2_PLACEMENT_3D('',#1474,#695,#696);
#557=AXIS2_PLACEMENT_3D('',#1475,#697,#698);
#558=DIRECTION('axis',(0.,0.,1.));
#559=DIRECTION('refdir',(1.,0.,0.));
#560=DIRECTION('center_axis',(-0.96058481880826,1.72831475742292E-14,0.277987060625315));
#561=DIRECTION('ref_axis',(0.,-1.,6.21724893790087E-14));
#562=DIRECTION('center_axis',(0.,-1.,0.));
#563=DIRECTION('ref_axis',(0.,0.,-1.));
#564=DIRECTION('center_axis',(-1.,6.12323399573677E-17,0.));
#565=DIRECTION('ref_axis',(0.,0.,1.));
#566=DIRECTION('center_axis',(0.,1.,0.));
#567=DIRECTION('ref_axis',(0.170663420628392,0.,0.985329384956836));
#568=DIRECTION('center_axis',(0.,-1.,0.));
#569=DIRECTION('ref_axis',(0.170663420628392,0.,0.985329384956836));
#570=DIRECTION('center_axis',(0.,1.,0.));
#571=DIRECTION('ref_axis',(0.,0.,1.));
#572=DIRECTION('',(1.,0.,0.));
#573=DIRECTION('',(0.,0.,-1.));
#574=DIRECTION('center_axis',(1.,0.,0.));
#575=DIRECTION('ref_axis',(0.,1.,0.));
#576=DIRECTION('',(1.,0.,0.));
#577=DIRECTION('center_axis',(-1.,0.,0.));
#578=DIRECTION('ref_axis',(0.,1.,0.));
#579=DIRECTION('center_axis',(0.,8.05756053237817E-17,-1.));
#580=DIRECTION('ref_axis',(-1.,0.,0.));
#581=DIRECTION('center_axis',(0.956859555951525,-0.290550839242034,4.5595483170538E-16));
#582=DIRECTION('ref_axis',(-2.22044604925031E-15,-8.88178419700125E-15,
-1.));
#583=DIRECTION('center_axis',(0.,-8.05756053237817E-17,1.));
#584=DIRECTION('ref_axis',(0.174681490970069,0.984624992935114,7.8676917344457E-17));
#585=DIRECTION('center_axis',(-1.,6.12323399573677E-17,0.));
#586=DIRECTION('ref_axis',(6.12323399573677E-17,1.,8.05756053237817E-17));
#587=DIRECTION('center_axis',(0.,8.05756053237817E-17,-1.));
#588=DIRECTION('ref_axis',(0.174681490970069,0.984624992935114,7.93367548226711E-17));
#589=DIRECTION('center_axis',(-0.956859555951526,0.290550839242033,2.12465502069997E-15));
#590=DIRECTION('ref_axis',(2.22044604925031E-15,0.,1.));
#591=DIRECTION('center_axis',(0.,-1.61151210647563E-16,1.));
#592=DIRECTION('ref_axis',(1.,0.,0.));
#593=DIRECTION('center_axis',(-1.,6.12323399573677E-17,0.));
#594=DIRECTION('ref_axis',(6.12323399573677E-17,1.,1.61151210647563E-16));
#595=DIRECTION('center_axis',(0.,1.61151210647563E-16,-1.));
#596=DIRECTION('ref_axis',(0.174681490970069,0.984624992935114,1.59812488355928E-16));
#597=DIRECTION('center_axis',(0.,-1.61151210647563E-16,1.));
#598=DIRECTION('ref_axis',(0.174681490970069,0.984624992935114,1.58673509645342E-16));
#599=DIRECTION('center_axis',(0.,1.61151210647563E-16,-1.));
#600=DIRECTION('ref_axis',(0.,1.,1.61151210647563E-16));
#601=DIRECTION('',(1.,0.,0.));
#602=DIRECTION('',(0.,-1.,-1.61151210647563E-16));
#603=DIRECTION('center_axis',(1.,0.,0.));
#604=DIRECTION('ref_axis',(0.,0.,-1.));
#605=DIRECTION('',(1.,0.,0.));
#606=DIRECTION('center_axis',(-1.,0.,0.));
#607=DIRECTION('ref_axis',(0.,0.,-1.));
#608=DIRECTION('center_axis',(0.,-8.05756053237817E-17,1.));
#609=DIRECTION('ref_axis',(0.,-1.,-8.05756053237817E-17));
#610=DIRECTION('',(0.,-1.,-8.05756053237817E-17));
#611=DIRECTION('center_axis',(0.,-1.,5.07982986741576E-15));
#612=DIRECTION('ref_axis',(0.,-5.09114132748294E-15,-1.));
#613=DIRECTION('center_axis',(0.96058478301052,-2.13292668640568E-15,0.277987184324445));
#614=DIRECTION('ref_axis',(-2.22044604925031E-15,-1.,0.));
#615=DIRECTION('center_axis',(0.,1.,-5.07982986741576E-15));
#616=DIRECTION('ref_axis',(0.170663472039162,-5.00581860753727E-15,-0.985329376052261));
#617=DIRECTION('center_axis',(-1.,6.12323399573677E-17,0.));
#618=DIRECTION('ref_axis',(-3.11049869367192E-31,-5.07982986741576E-15,
-1.));
#619=DIRECTION('center_axis',(0.,-1.,5.07982986741576E-15));
#620=DIRECTION('ref_axis',(0.170663472039162,-5.00530559371241E-15,-0.985329376052261));
#621=DIRECTION('center_axis',(1.,0.,0.));
#622=DIRECTION('ref_axis',(0.,-2.37039799405751E-7,0.999999999999972));
#623=DIRECTION('',(1.,0.,0.));
#624=DIRECTION('center_axis',(-1.,8.6281661508529E-32,4.08851634412922E-38));
#625=DIRECTION('ref_axis',(-8.62816615085387E-32,-0.999999999999888,-4.73856932359214E-7));
#626=DIRECTION('',(1.,0.,0.));
#627=DIRECTION('center_axis',(0.,1.,-5.07982986741576E-15));
#628=DIRECTION('ref_axis',(-3.75982938665569E-32,5.07982986741576E-15,1.));
#629=DIRECTION('',(-3.75982938665569E-32,5.07982986741576E-15,1.));
#630=DIRECTION('center_axis',(0.,1.,0.));
#631=DIRECTION('ref_axis',(1.,0.,0.));
#632=DIRECTION('center_axis',(0.,1.,0.));
#633=DIRECTION('ref_axis',(0.,0.,1.));
#634=DIRECTION('',(0.,0.,-1.));
#635=DIRECTION('center_axis',(0.,1.,0.));
#636=DIRECTION('ref_axis',(1.83697019872103E-16,0.,1.));
#637=DIRECTION('center_axis',(0.,-1.,0.));
#638=DIRECTION('ref_axis',(3.00373561556712E-16,0.,1.));
#639=DIRECTION('',(3.00373561556712E-16,0.,1.));
#640=DIRECTION('center_axis',(0.,-1.,0.));
#641=DIRECTION('ref_axis',(-3.00373561556712E-16,0.,-1.));
#642=DIRECTION('center_axis',(0.,1.,0.));
#643=DIRECTION('ref_axis',(1.83697019872103E-16,0.,1.));
#644=DIRECTION('',(0.,0.,1.));
#645=DIRECTION('center_axis',(0.,1.,0.));
#646=DIRECTION('ref_axis',(1.,0.,0.));
#647=DIRECTION('center_axis',(1.,0.,0.));
#648=DIRECTION('ref_axis',(0.,0.,1.));
#649=DIRECTION('',(-1.,0.,0.));
#650=DIRECTION('center_axis',(1.,0.,0.));
#651=DIRECTION('ref_axis',(0.,0.,1.));
#652=DIRECTION('center_axis',(6.12323399573677E-17,0.,1.));
#653=DIRECTION('ref_axis',(1.,0.,0.));
#654=DIRECTION('center_axis',(1.,-6.12323399573677E-17,0.));
#655=DIRECTION('ref_axis',(1.12481983699639E-32,1.83697019872103E-16,1.));
#656=DIRECTION('center_axis',(1.,-6.12323399573677E-17,0.));
#657=DIRECTION('ref_axis',(1.12481983699639E-32,1.83697019872103E-16,1.));
#658=DIRECTION('center_axis',(-1.,0.,3.00373561556712E-16));
#659=DIRECTION('ref_axis',(0.,1.,-6.12323399573677E-17));
#660=DIRECTION('center_axis',(6.12323399573677E-17,0.,1.));
#661=DIRECTION('ref_axis',(1.,0.,0.));
#662=DIRECTION('center_axis',(-1.,6.12323399573677E-17,0.));
#663=DIRECTION('ref_axis',(0.,0.,1.));
#664=DIRECTION('center_axis',(1.,0.,0.));
#665=DIRECTION('ref_axis',(0.,0.,1.));
#666=DIRECTION('',(-1.,0.,0.));
#667=DIRECTION('center_axis',(1.,0.,0.));
#668=DIRECTION('ref_axis',(0.,0.,1.));
#669=DIRECTION('center_axis',(6.12323399573677E-17,0.,1.));
#670=DIRECTION('ref_axis',(1.,0.,0.));
#671=DIRECTION('center_axis',(1.,0.,0.));
#672=DIRECTION('ref_axis',(0.,0.,1.));
#673=DIRECTION('',(-1.,0.,0.));
#674=DIRECTION('center_axis',(1.,0.,0.));
#675=DIRECTION('ref_axis',(0.,0.,1.));
#676=DIRECTION('center_axis',(6.12323399573677E-17,0.,1.));
#677=DIRECTION('ref_axis',(1.,0.,0.));
#678=DIRECTION('center_axis',(1.,0.,-3.00373561556712E-16));
#679=DIRECTION('ref_axis',(-3.09774633595004E-16,0.,-1.));
#680=DIRECTION('center_axis',(1.,0.,-3.00373561556712E-16));
#681=DIRECTION('ref_axis',(-1.83925760354459E-32,1.,-6.12323399573677E-17));
#682=DIRECTION('center_axis',(-1.,0.,3.00373561556712E-16));
#683=DIRECTION('ref_axis',(3.00373561556712E-16,0.,1.));
#684=DIRECTION('center_axis',(0.,1.,0.));
#685=DIRECTION('ref_axis',(1.,0.,0.));
#686=DIRECTION('center_axis',(0.,-1.,0.));
#687=DIRECTION('ref_axis',(1.,0.,0.));
#688=DIRECTION('',(0.,-1.,0.));
#689=DIRECTION('center_axis',(0.,-1.,0.));
#690=DIRECTION('ref_axis',(1.,0.,0.));
#691=DIRECTION('center_axis',(0.,-1.,0.));
#692=DIRECTION('ref_axis',(1.,0.,0.));
#693=DIRECTION('center_axis',(-1.,6.12323399573677E-17,0.));
#694=DIRECTION('ref_axis',(6.12323399573677E-17,1.,0.));
#695=DIRECTION('center_axis',(6.12323399573677E-17,0.,1.));
#696=DIRECTION('ref_axis',(1.,0.,0.));
#697=DIRECTION('center_axis',(0.,1.,0.));
#698=DIRECTION('ref_axis',(1.,0.,0.));
#699=DIRECTION('',(0.,1.,0.));
#700=CARTESIAN_POINT('',(0.,0.,0.));
#701=CARTESIAN_POINT('Ctrl Pts',(16.7354864971875,-1.01801801801796,53.954954647534));
#702=CARTESIAN_POINT('Ctrl Pts',(17.7620270966284,-1.01801791869838,53.6365472584095));
#703=CARTESIAN_POINT('Ctrl Pts',(19.2920295159517,-0.956649199456381,53.1147850854139));
#704=CARTESIAN_POINT('Ctrl Pts',(21.2783550760745,-0.656059788876566,52.3442423114064));
#705=CARTESIAN_POINT('Ctrl Pts',(22.4845079204163,-0.341640087097082,51.8371430835793));
#706=CARTESIAN_POINT('Ctrl Pts',(23.4096141239355,0.0239169607427905,51.4242964038422));
#707=CARTESIAN_POINT('Ctrl Pts',(24.0699851617206,0.371561624957911,51.1171855296354));
#708=CARTESIAN_POINT('Ctrl Pts',(24.5766912515288,0.74248118182502,50.8705536631409));
#709=CARTESIAN_POINT('Ctrl Pts',(24.8869489217069,1.06010333567746,50.712906238854));
#710=CARTESIAN_POINT('Ctrl Pts',(25.0457220220653,1.2610038741694,50.6298900577562));
#711=CARTESIAN_POINT('Ctrl Pts',(25.2608200035152,1.58105146865584,50.5147254429055));
#712=CARTESIAN_POINT('Ctrl Pts',(25.4863751548995,2.14737786945264,50.3816480192264));
#713=CARTESIAN_POINT('Ctrl Pts',(25.388113305621,2.97710700704338,50.3890505390362));
#714=CARTESIAN_POINT('Ctrl Pts',(25.0381784163847,3.54994579867423,50.525881181253));
#715=CARTESIAN_POINT('Ctrl Pts',(24.6888880276744,3.93199291136824,50.6685564004787));
#716=CARTESIAN_POINT('Ctrl Pts',(24.1073502755479,4.43982456900627,50.9093000767983));
#717=CARTESIAN_POINT('Ctrl Pts',(23.3289615467179,4.87105959124176,51.2326797381856));
#718=CARTESIAN_POINT('Ctrl Pts',(22.392481585488,5.23738320998827,51.6101947929468));
#719=CARTESIAN_POINT('Ctrl Pts',(20.9451484894823,5.68030627939831,52.1805394329259));
#720=CARTESIAN_POINT('Ctrl Pts',(18.6942506657274,6.03411515552901,53.0077706065266));
#721=CARTESIAN_POINT('Ctrl Pts',(16.6470480372052,6.10810810810811,53.6560610325944));
#722=CARTESIAN_POINT('Ctrl Pts',(15.6142167395552,6.10810810810811,53.9549557589463));
#723=CARTESIAN_POINT('Ctrl Pts',(16.736294186386,-0.86672686588128,53.9575586724671));
#724=CARTESIAN_POINT('Ctrl Pts',(17.7590065526052,-0.874868345711127,53.6401535985157));
#725=CARTESIAN_POINT('Ctrl Pts',(19.2826982381651,-0.826837957627498,53.1203376751808));
#726=CARTESIAN_POINT('Ctrl Pts',(21.2598721916862,-0.548158818046367,52.3529873540201));
#727=CARTESIAN_POINT('Ctrl Pts',(22.4601458348089,-0.249878826365696,51.8482273036306));
#728=CARTESIAN_POINT('Ctrl Pts',(23.3805739652844,0.10040033731694,51.437426505469));
#729=CARTESIAN_POINT('Ctrl Pts',(24.0375327374178,0.435019164297935,51.1319367539355));
#730=CARTESIAN_POINT('Ctrl Pts',(24.5415708436365,0.793278677185003,50.8867226525816));
#731=CARTESIAN_POINT('Ctrl Pts',(24.8501751319265,1.10070271750677,50.7300744553947));
#732=CARTESIAN_POINT('Ctrl Pts',(25.0080978608327,1.29532001067444,50.6476237340254));
#733=CARTESIAN_POINT('Ctrl Pts',(25.2220402740401,1.60550441848468,50.5332921076884));
#734=CARTESIAN_POINT('Ctrl Pts',(25.446372620449,2.15497378483461,50.401406655526));
#735=CARTESIAN_POINT('Ctrl Pts',(25.3486449909589,2.96055866747917,50.4097734123938));
#736=CARTESIAN_POINT('Ctrl Pts',(25.0005980083587,3.51633453782241,50.5468016033948));
#737=CARTESIAN_POINT('Ctrl Pts',(24.6531696549734,3.88658067789268,50.6894493229038));
#738=CARTESIAN_POINT('Ctrl Pts',(24.0747086978063,4.37826146490339,50.9300029185667));
#739=CARTESIAN_POINT('Ctrl Pts',(23.3003493616943,4.79436624521698,51.2528931874058));
#740=CARTESIAN_POINT('Ctrl Pts',(22.3685552927306,5.14605238580571,51.6298016757715));
#741=CARTESIAN_POINT('Ctrl Pts',(20.9282813435026,5.56918745221227,52.1991930773731));
#742=CARTESIAN_POINT('Ctrl Pts',(18.6876340221685,5.89939607241813,53.025162276012));
#743=CARTESIAN_POINT('Ctrl Pts',(16.6483306521121,5.95677090888833,53.6727893385539));
#744=CARTESIAN_POINT('Ctrl Pts',(15.6190226346219,5.9491295295483,53.971562538526));
#745=CARTESIAN_POINT('Ctrl Pts',(16.7171576762678,-0.563472426498909,53.8958629483107));
#746=CARTESIAN_POINT('Ctrl Pts',(17.7332330691498,-0.587933667876323,53.5882309077055));
#747=CARTESIAN_POINT('Ctrl Pts',(19.2464022216299,-0.566634207384164,53.0835530420776));
#748=CARTESIAN_POINT('Ctrl Pts',(21.2091989974916,-0.332095334249825,52.336983162121));
#749=CARTESIAN_POINT('Ctrl Pts',(22.4005108680049,-0.0662740656163356,51.8453420167846));
#750=CARTESIAN_POINT('Ctrl Pts',(23.313968173881,0.253313243230756,51.4449886747446));
#751=CARTESIAN_POINT('Ctrl Pts',(23.9659098898977,0.561798908787573,51.1472048200915));
#752=CARTESIAN_POINT('Ctrl Pts',(24.4660716420081,0.894697414287474,50.9081890252928));
#753=CARTESIAN_POINT('Ctrl Pts',(24.772293159818,1.18170800108142,50.7555786284632));
#754=CARTESIAN_POINT('Ctrl Pts',(24.928994504945,1.36375178882675,50.6752973465094));
#755=CARTESIAN_POINT('Ctrl Pts',(25.1412805954396,1.65420053351589,50.5640344963475));
#756=CARTESIAN_POINT('Ctrl Pts',(25.36387087852,2.16995167385659,50.4359889795803));
#757=CARTESIAN_POINT('Ctrl Pts',(25.2669028508162,2.92714634447011,50.445657465601));
#758=CARTESIAN_POINT('Ctrl Pts',(24.9215544057871,3.44857712043128,50.5808220761057));
#759=CARTESIAN_POINT('Ctrl Pts',(24.5768089411003,3.7949861113002,50.7211320634195));
#760=CARTESIAN_POINT('Ctrl Pts',(24.0028033601139,4.25396086332925,50.9574794204215));
#761=CARTESIAN_POINT('Ctrl Pts',(23.2343645319507,4.63922398631795,51.2741867365267));
#762=CARTESIAN_POINT('Ctrl Pts',(22.3095973270825,4.96087792235086,51.6434365066355));
#763=CARTESIAN_POINT('Ctrl Pts',(20.8800719060636,5.34326537330088,52.2008503289093));
#764=CARTESIAN_POINT('Ctrl Pts',(18.6556614980498,5.62438433398326,53.0080141011378));
#765=CARTESIAN_POINT('Ctrl Pts',(16.6299262571572,5.64709743076333,53.6391381882078));
#766=CARTESIAN_POINT('Ctrl Pts',(15.6069533245426,5.62344915921096,53.9298570145006));
#767=CARTESIAN_POINT('Ctrl Pts',(16.6181574741412,-0.134335986407268,53.5766879301252));
#768=CARTESIAN_POINT('Ctrl Pts',(17.6277062392202,-0.170862600218514,53.3072595517441));
#769=CARTESIAN_POINT('Ctrl Pts',(19.1313405718652,-0.174145360350618,52.8615469632897));
#770=CARTESIAN_POINT('Ctrl Pts',(21.0822577272026,0.00822263187948144,52.1949192893908));
#771=CARTESIAN_POINT('Ctrl Pts',(22.2665467259627,0.230245711855905,51.753204921084));
#772=CARTESIAN_POINT('Ctrl Pts',(23.1747287093392,0.504858383126466,51.3920878406268));
#773=CARTESIAN_POINT('Ctrl Pts',(23.8229546579301,0.773171637283716,51.1228669704672));
#774=CARTESIAN_POINT('Ctrl Pts',(24.3203013869804,1.06538245555701,50.9063487545229));
#775=CARTESIAN_POINT('Ctrl Pts',(24.624813596737,1.31871073442359,50.767973439585));
#776=CARTESIAN_POINT('Ctrl Pts',(24.7806433900379,1.47974931712503,50.6951644615337));
#777=CARTESIAN_POINT('Ctrl Pts',(24.9917513763488,1.73699398250773,50.5942567607835));
#778=CARTESIAN_POINT('Ctrl Pts',(25.2131147460669,2.19504148721725,50.4781743007325));
#779=CARTESIAN_POINT('Ctrl Pts',(25.1166800525071,2.86846577209255,50.4877647469084));
#780=CARTESIAN_POINT('Ctrl Pts',(24.7732420890643,3.33103290034477,50.6113894553459));
#781=CARTESIAN_POINT('Ctrl Pts',(24.4304205038894,3.63725159752392,50.7393563138897));
#782=CARTESIAN_POINT('Ctrl Pts',(23.8596350953599,4.04179373679466,50.9546189471599));
#783=CARTESIAN_POINT('Ctrl Pts',(23.0955708467246,4.37782734709607,51.2421958749831));
#784=CARTESIAN_POINT('Ctrl Pts',(22.1761777016559,4.65418297385171,51.5761305687793));
#785=CARTESIAN_POINT('Ctrl Pts',(20.7550741458469,4.97772576336499,52.078879362347));
#786=CARTESIAN_POINT('Ctrl Pts',(18.5442119867495,5.19740287127813,52.8014256178463));
#787=CARTESIAN_POINT('Ctrl Pts',(16.5314550739048,5.18701622674058,53.3582250785032));
#788=CARTESIAN_POINT('Ctrl Pts',(15.5151397130624,5.1507313104425,53.6125949047123));
#789=CARTESIAN_POINT('Ctrl Pts',(16.5065244337652,-6.76208207849786E-8,
53.2167847408243));
#790=CARTESIAN_POINT('Ctrl Pts',(17.5152862125998,-0.0196467392402941,52.980507906728));
#791=CARTESIAN_POINT('Ctrl Pts',(19.0184619088305,-0.00282449235870315,
52.5895458715043));
#792=CARTESIAN_POINT('Ctrl Pts',(20.9694748222812,0.184560725597317,52.0039364979935));
#793=CARTESIAN_POINT('Ctrl Pts',(22.1540728637217,0.398400198030227,51.6155596263405));
#794=CARTESIAN_POINT('Ctrl Pts',(23.062585574402,0.656371052179498,51.2977164186482));
#795=CARTESIAN_POINT('Ctrl Pts',(23.7110896559524,0.905916094771161,51.0605779662505));
#796=CARTESIAN_POINT('Ctrl Pts',(24.2086778769036,1.17574822070582,50.86969176994));
#797=CARTESIAN_POINT('Ctrl Pts',(24.5133468844558,1.40867472366425,50.747563687774));
#798=CARTESIAN_POINT('Ctrl Pts',(24.6692589430609,1.55649514794524,50.6832542631183));
#799=CARTESIAN_POINT('Ctrl Pts',(24.880480035427,1.79241067987644,50.5940673962925));
#800=CARTESIAN_POINT('Ctrl Pts',(25.1019673883533,2.21164499310372,50.4911989217406));
#801=CARTESIAN_POINT('Ctrl Pts',(25.0054778542622,2.82723863916209,50.4985378410316));
#802=CARTESIAN_POINT('Ctrl Pts',(24.661851533037,3.25069332152602,50.6064659339937));
#803=CARTESIAN_POINT('Ctrl Pts',(24.3188529853426,3.5316603998171,50.7184075422671));
#804=CARTESIAN_POINT('Ctrl Pts',(23.7477844216493,3.90356702414343,50.9068362205471));
#805=CARTESIAN_POINT('Ctrl Pts',(22.9833823215906,4.21479209711289,51.158678572918));
#806=CARTESIAN_POINT('Ctrl Pts',(22.0636857017603,4.47364637052296,51.4510324353293));
#807=CARTESIAN_POINT('Ctrl Pts',(20.642219615518,4.78052088703216,51.8910189065165));
#808=CARTESIAN_POINT('Ctrl Pts',(18.431297223296,5.00320114180145,52.5226632170114));
#809=CARTESIAN_POINT('Ctrl Pts',(16.4196977655587,5.01963725546099,53.0085644773869));
#810=CARTESIAN_POINT('Ctrl Pts',(15.4045407152057,5.00000000000001,53.2304198564291));
#811=CARTESIAN_POINT('Ctrl Pts',(16.4392831963523,-5.55111512312578E-16,
53.0000000099462));
#812=CARTESIAN_POINT('Ctrl Pts',(17.4476549356262,6.96869413633997E-8,52.7765915384366));
#813=CARTESIAN_POINT('Ctrl Pts',(18.9505776661119,0.0430590319869595,52.4105005068152));
#814=CARTESIAN_POINT('Ctrl Pts',(20.9017470216307,0.253965634859015,51.869854186241));
#815=CARTESIAN_POINT('Ctrl Pts',(22.0865520280196,0.47457617150582,51.5140513146304));
#816=CARTESIAN_POINT('Ctrl Pts',(22.9952846704146,0.731066894073615,51.2243801297327));
#817=CARTESIAN_POINT('Ctrl Pts',(23.6439677252299,0.974989509294089,51.0088977843664));
#818=CARTESIAN_POINT('Ctrl Pts',(24.1417055656611,1.23524280140691,50.8358501409979));
#819=CARTESIAN_POINT('Ctrl Pts',(24.4464719496413,1.45810031770034,50.7252378521493));
#820=CARTESIAN_POINT('Ctrl Pts',(24.6024349066305,1.59906087252086,50.6669900891793));
#821=CARTESIAN_POINT('Ctrl Pts',(24.813725844161,1.82362018344372,50.5861855869768));
#822=CARTESIAN_POINT('Ctrl Pts',(25.035288868972,2.22097941535548,50.4928126790857));
#823=CARTESIAN_POINT('Ctrl Pts',(24.9387661674684,2.80315346259045,50.4980066089143));
#824=CARTESIAN_POINT('Ctrl Pts',(24.5950248160947,3.20508207113046,50.5940129381562));
#825=CARTESIAN_POINT('Ctrl Pts',(24.251916558158,3.47314294034053,50.6941200768038));
#826=CARTESIAN_POINT('Ctrl Pts',(23.6806715096089,3.82945971655939,50.8630363098725));
#827=CARTESIAN_POINT('Ctrl Pts',(22.9160595724397,4.13203296224928,51.0899335438421));
#828=CARTESIAN_POINT('Ctrl Pts',(21.9961544777803,4.38906154430277,51.3548145241107));
#829=CARTESIAN_POINT('Ctrl Pts',(20.5744378967481,4.69983563219477,51.7549931273831));
#830=CARTESIAN_POINT('Ctrl Pts',(18.3633789725287,4.9480833265722,52.335414494448));
#831=CARTESIAN_POINT('Ctrl Pts',(16.3524100188476,5.,52.7902832510442));
#832=CARTESIAN_POINT('Ctrl Pts',(15.337858921156,5.00000000000001,53.0000007897615));
#833=CARTESIAN_POINT('',(23.3234089639286,3.65047891220938E-9,51.4613310583912));
#834=CARTESIAN_POINT('',(16.4392832395,6.74807291933836E-15,53.0000000003867));
#835=CARTESIAN_POINT('Ctrl Pts',(23.3234089474874,1.86135339166454E-16,
51.4613310658427));
#836=CARTESIAN_POINT('Ctrl Pts',(22.8113795755984,1.86342120049808E-16,
51.6933940573423));
#837=CARTESIAN_POINT('Ctrl Pts',(22.2217889135593,5.01086169018934E-15,
51.8785255236328));
#838=CARTESIAN_POINT('Ctrl Pts',(20.3504368428923,4.95907321741287E-15,
52.3820915800539));
#839=CARTESIAN_POINT('Ctrl Pts',(18.5945995393065,-2.63677968348475E-15,
52.6915942866607));
#840=CARTESIAN_POINT('Ctrl Pts',(16.4688326732451,-2.63677968348475E-15,
52.995780677241));
#841=CARTESIAN_POINT('Ctrl Pts',(16.4540598364062,-1.10845380757316E-13,
52.9978916610151));
#842=CARTESIAN_POINT('Ctrl Pts',(16.4392832787912,-1.10883517430798E-13,
53.0000002757281));
#843=CARTESIAN_POINT('',(15.337858921156,5.00000000000001,53.0000007897615));
#844=CARTESIAN_POINT('Ctrl Pts',(16.4392832395,2.44427634081933E-15,53.0000000003867));
#845=CARTESIAN_POINT('Ctrl Pts',(17.4476549642081,7.05058172673703E-8,52.7765915314745));
#846=CARTESIAN_POINT('Ctrl Pts',(18.9505776800268,0.0430590334910569,52.4105005029596));
#847=CARTESIAN_POINT('Ctrl Pts',(20.9017470216307,0.253965634859015,51.869854186241));
#848=CARTESIAN_POINT('Ctrl Pts',(22.0865520280196,0.47457617150582,51.5140513146304));
#849=CARTESIAN_POINT('Ctrl Pts',(22.9952846704146,0.731066894073615,51.2243801297327));
#850=CARTESIAN_POINT('Ctrl Pts',(23.6439677252299,0.974989509294089,51.0088977843664));
#851=CARTESIAN_POINT('Ctrl Pts',(24.1417055656611,1.23524280140691,50.8358501409979));
#852=CARTESIAN_POINT('Ctrl Pts',(24.4464719496413,1.45810031770034,50.7252378521493));
#853=CARTESIAN_POINT('Ctrl Pts',(24.6024349066305,1.59906087252086,50.6669900891793));
#854=CARTESIAN_POINT('Ctrl Pts',(24.813725844161,1.82362018344372,50.5861855869768));
#855=CARTESIAN_POINT('Ctrl Pts',(25.035288868972,2.22097941535548,50.4928126790857));
#856=CARTESIAN_POINT('Ctrl Pts',(24.9387661674684,2.80315346259045,50.4980066089143));
#857=CARTESIAN_POINT('Ctrl Pts',(24.5950248160947,3.20508207113046,50.5940129381562));
#858=CARTESIAN_POINT('Ctrl Pts',(24.251916558158,3.47314294034053,50.6941200768038));
#859=CARTESIAN_POINT('Ctrl Pts',(23.6806715096089,3.82945971655939,50.8630363098725));
#860=CARTESIAN_POINT('Ctrl Pts',(22.9160595724397,4.13203296224928,51.0899335438421));
#861=CARTESIAN_POINT('Ctrl Pts',(21.9961544777803,4.38906154430277,51.3548145241107));
#862=CARTESIAN_POINT('Ctrl Pts',(20.5744378967481,4.69983563219477,51.7549931273831));
#863=CARTESIAN_POINT('Ctrl Pts',(18.3633789725287,4.9480833265722,52.335414494448));
#864=CARTESIAN_POINT('Ctrl Pts',(16.3524100188476,5.,52.7902832510442));
#865=CARTESIAN_POINT('Ctrl Pts',(15.337858921156,5.00000000000001,53.0000007897615));
#866=CARTESIAN_POINT('',(15.6142167395552,6.10810810810811,53.9549557589463));
#867=CARTESIAN_POINT('Origin',(15.337858921156,6.00000000000001,53.0000007897614));
#868=CARTESIAN_POINT('Ctrl Pts',(15.6142167395552,6.10810810810811,53.9549557589463));
#869=CARTESIAN_POINT('Ctrl Pts',(16.6470480372052,6.10810810810811,53.6560610325944));
#870=CARTESIAN_POINT('Ctrl Pts',(18.6942506657274,6.03411515552901,53.0077706065266));
#871=CARTESIAN_POINT('Ctrl Pts',(20.9451484894823,5.68030627939831,52.1805394329259));
#872=CARTESIAN_POINT('Ctrl Pts',(22.392481585488,5.23738320998827,51.6101947929468));
#873=CARTESIAN_POINT('Ctrl Pts',(23.3289615467179,4.87105959124176,51.2326797381856));
#874=CARTESIAN_POINT('Ctrl Pts',(24.1073502755479,4.43982456900627,50.9093000767983));
#875=CARTESIAN_POINT('Ctrl Pts',(24.6888880276744,3.93199291136824,50.6685564004787));
#876=CARTESIAN_POINT('Ctrl Pts',(25.0381784163847,3.54994579867423,50.525881181253));
#877=CARTESIAN_POINT('Ctrl Pts',(25.388113305621,2.97710700704338,50.3890505390362));
#878=CARTESIAN_POINT('Ctrl Pts',(25.4863751548995,2.14737786945264,50.3816480192264));
#879=CARTESIAN_POINT('Ctrl Pts',(25.2608200035152,1.58105146865584,50.5147254429055));
#880=CARTESIAN_POINT('Ctrl Pts',(25.0457220220653,1.2610038741694,50.6298900577562));
#881=CARTESIAN_POINT('Ctrl Pts',(24.8869489217069,1.06010333567746,50.712906238854));
#882=CARTESIAN_POINT('Ctrl Pts',(24.5766912515288,0.74248118182502,50.8705536631409));
#883=CARTESIAN_POINT('Ctrl Pts',(24.0699851617206,0.371561624957911,51.1171855296354));
#884=CARTESIAN_POINT('Ctrl Pts',(23.603627365262,0.126052978640306,51.3340689820714));
#885=CARTESIAN_POINT('Ctrl Pts',(23.3504154301152,0.0117495423522497,51.4491085533808));
#886=CARTESIAN_POINT('Ctrl Pts',(23.3234903794417,-0.000203364916923006,
51.4613114632515));
#887=CARTESIAN_POINT('Origin',(0.,6.00000000000001,0.));
#888=CARTESIAN_POINT('',(3.45962720759127E-15,5.00000000000001,55.1747224732486));
#889=CARTESIAN_POINT('',(3.7401375217203E-16,6.10810810810811,56.1688616169107));
#890=CARTESIAN_POINT('Origin',(0.,6.00000000000001,55.1747224732486));
#891=CARTESIAN_POINT('Origin',(0.,6.10810810810811,0.));
#892=CARTESIAN_POINT('Origin',(0.,5.00000000000001,0.));
#893=CARTESIAN_POINT('Origin',(3.45962720759127E-15,5.00000000000001,53.0000007897615));
#894=CARTESIAN_POINT('',(3.45962720759127E-15,5.00000000000001,53.0000007897615));
#895=CARTESIAN_POINT('',(3.45962720759127E-15,5.00000000000001,53.0000007897615));
#896=CARTESIAN_POINT('',(3.45962720759127E-15,5.00000000000001,56.2783262011229));
#897=CARTESIAN_POINT('Origin',(3.45962720759127E-15,2.49999999999994,53.0000007897615));
#898=CARTESIAN_POINT('',(3.45962720759127E-15,6.93889390390723E-15,53.0000000003867));
#899=CARTESIAN_POINT('',(3.45962720759127E-15,6.93889390390723E-15,53.0000000003867));
#900=CARTESIAN_POINT('Origin',(3.45962720759127E-15,2.49999999999994,53.0000007897615));
#901=CARTESIAN_POINT('Origin',(0.,-2.82014618633235E-16,3.49999999999999));
#902=CARTESIAN_POINT('',(16.093474338541,53.0000007897615,2.5));
#903=CARTESIAN_POINT('',(16.3834468491453,53.9549557589464,3.56306306306306));
#904=CARTESIAN_POINT('Origin',(16.093474338541,53.0000007897616,3.5));
#905=CARTESIAN_POINT('',(3.45274097213898E-15,56.3875392405861,3.56306306306306));
#906=CARTESIAN_POINT('Origin',(0.,-2.87095963113114E-16,3.56306306306306));
#907=CARTESIAN_POINT('',(3.45962720759127E-15,55.3895296965049,2.5));
#908=CARTESIAN_POINT('Origin',(3.3916305124551E-15,55.3895296965049,3.5));
#909=CARTESIAN_POINT('Origin',(0.,-2.01439013309454E-16,2.49999999999999));
#910=CARTESIAN_POINT('Ctrl Pts',(16.3834468491453,53.9549557589464,3.56306306306306));
#911=CARTESIAN_POINT('Ctrl Pts',(17.4049337161375,53.6447808073213,3.56306306306306));
#912=CARTESIAN_POINT('Ctrl Pts',(19.426498364151,52.9731310603997,3.48344261845486));
#913=CARTESIAN_POINT('Ctrl Pts',(21.8958222565571,52.0140854249486,3.05848744922105));
#914=CARTESIAN_POINT('Ctrl Pts',(23.7510478931304,51.2202462855631,2.34194182308824));
#915=CARTESIAN_POINT('Ctrl Pts',(24.6945380386618,50.7926446049605,1.70839179118512));
#916=CARTESIAN_POINT('Ctrl Pts',(25.1852830628921,50.5644854233826,1.11236544066022));
#917=CARTESIAN_POINT('Ctrl Pts',(25.4512194309856,50.4397694385554,0.668573968350289));
#918=CARTESIAN_POINT('Ctrl Pts',(25.6868367822041,50.3278457853651,-0.277070156675656));
#919=CARTESIAN_POINT('Ctrl Pts',(25.2158762703165,50.5516756502911,-1.15245469904505));
#920=CARTESIAN_POINT('Ctrl Pts',(24.6674022221145,50.8038809213757,-1.67012891653477));
#921=CARTESIAN_POINT('Ctrl Pts',(24.2705997286734,50.9842641410632,-1.98152458107497));
#922=CARTESIAN_POINT('Ctrl Pts',(23.7359464796044,51.2227995325248,-2.30155300642171));
#923=CARTESIAN_POINT('Ctrl Pts',(23.1701644507746,51.4682421540952,-2.55825218505637));
#924=CARTESIAN_POINT('Ctrl Pts',(22.7055525049285,51.6652773347793,-2.73251113902104));
#925=CARTESIAN_POINT('Ctrl Pts',(21.9986333133088,51.9604821694649,-2.96637022934773));
#926=CARTESIAN_POINT('Ctrl Pts',(20.9100419208897,52.3973065176483,-3.22551159401416));
#927=CARTESIAN_POINT('Ctrl Pts',(18.9253940185159,53.1394346719222,-3.50476979900608));
#928=CARTESIAN_POINT('Ctrl Pts',(17.4049337161375,53.6447808073213,-3.56306306306307));
#929=CARTESIAN_POINT('Ctrl Pts',(16.3834468491453,53.9549557589464,-3.56306306306307));
#930=CARTESIAN_POINT('Ctrl Pts',(16.3891493282285,53.973735507157,3.25246324283971));
#931=CARTESIAN_POINT('Ctrl Pts',(17.4029658624493,53.6640572202166,3.26865357764275));
#932=CARTESIAN_POINT('Ctrl Pts',(19.4082744036064,52.996462414691,3.22322452185266));
#933=CARTESIAN_POINT('Ctrl Pts',(21.8540801159158,52.0425174748052,2.85355642517773));
#934=CARTESIAN_POINT('Ctrl Pts',(23.6905266210233,51.254376760174,2.19587860533582));
#935=CARTESIAN_POINT('Ctrl Pts',(24.6239787190955,50.8297395724818,1.60549339706453));
#936=CARTESIAN_POINT('Ctrl Pts',(25.1094348538925,50.6032793753241,1.04637553234045));
#937=CARTESIAN_POINT('Ctrl Pts',(25.3724797025269,50.4794725375741,0.629421252644242));
#938=CARTESIAN_POINT('Ctrl Pts',(25.6055245052325,50.3684100632152,-0.26090959437615));
#939=CARTESIAN_POINT('Ctrl Pts',(25.1396902550851,50.5904664087938,-1.08462861063037));
#940=CARTESIAN_POINT('Ctrl Pts',(24.5971007738113,50.8408692245756,-1.56909892370728));
#941=CARTESIAN_POINT('Ctrl Pts',(24.2045235048784,51.019983342827,-1.85988819602099));
#942=CARTESIAN_POINT('Ctrl Pts',(23.6754727033531,51.2568226506665,-2.15733571889108));
#943=CARTESIAN_POINT('Ctrl Pts',(23.1155223766829,51.5006378611356,-2.3941594490915));
#944=CARTESIAN_POINT('Ctrl Pts',(22.6556313950061,51.6964392031743,-2.55380500474792));
#945=CARTESIAN_POINT('Ctrl Pts',(21.9558016348089,51.9898015718671,-2.7668848296407));
#946=CARTESIAN_POINT('Ctrl Pts',(20.8777483667466,52.4238737109531,-2.99862320763226));
#947=CARTESIAN_POINT('Ctrl Pts',(18.9113780760994,53.1623648072266,-3.23575306990951));
#948=CARTESIAN_POINT('Ctrl Pts',(17.4029658624493,53.6640572202166,-3.26865357764276));
#949=CARTESIAN_POINT('Ctrl Pts',(16.3891493282285,53.973735507157,-3.25246324283972));
#950=CARTESIAN_POINT('Ctrl Pts',(16.3197893919773,53.7453151798393,2.69863922034452));
#951=CARTESIAN_POINT('Ctrl Pts',(17.3246000594223,53.4685628195169,2.74217812498811));
#952=CARTESIAN_POINT('Ctrl Pts',(19.3112082691354,52.8633571495058,2.75901816161479));
#953=CARTESIAN_POINT('Ctrl Pts',(21.7355647677495,51.9863183259197,2.48890476474781));
#954=CARTESIAN_POINT('Ctrl Pts',(23.5562299543155,51.2535955509899,1.93766691081876));
#955=CARTESIAN_POINT('Ctrl Pts',(24.4819849945183,50.85700659545,1.42411033392265));
#956=CARTESIAN_POINT('Ctrl Pts',(24.963468197855,50.6449157151245,0.930234886953326));
#957=CARTESIAN_POINT('Ctrl Pts',(25.2243816717868,50.5289063107136,0.560591188803819));
#958=CARTESIAN_POINT('Ctrl Pts',(25.4555382880686,50.4246763234451,-0.232613797476834));
#959=CARTESIAN_POINT('Ctrl Pts',(24.9934998353853,50.6331421009968,-0.965214121661308));
#960=CARTESIAN_POINT('Ctrl Pts',(24.4553571175999,50.8673533761176,-1.39085663660798));
#961=CARTESIAN_POINT('Ctrl Pts',(24.066015547123,51.0347029153073,-1.64505384618992));
#962=CARTESIAN_POINT('Ctrl Pts',(23.5413900813706,51.2556600704124,-1.9021523796703));
#963=CARTESIAN_POINT('Ctrl Pts',(22.9861612841968,51.482442694404,-2.10336237794593));
#964=CARTESIAN_POINT('Ctrl Pts',(22.5301731241268,51.6641227387035,-2.23679114522105));
#965=CARTESIAN_POINT('Ctrl Pts',(21.836334130788,51.9359535987253,-2.41250443579588));
#966=CARTESIAN_POINT('Ctrl Pts',(20.7677231127017,52.3367595153159,-2.594606003483));
#967=CARTESIAN_POINT('Ctrl Pts',(18.818720672079,53.0130353261826,-2.75626061657338));
#968=CARTESIAN_POINT('Ctrl Pts',(17.3246000594223,53.468562819517,-2.74217812498812));
#969=CARTESIAN_POINT('Ctrl Pts',(16.3197893919773,53.7453151798393,-2.69863922034453));
#970=CARTESIAN_POINT('Ctrl Pts',(16.1612931076371,53.2233456524085,2.49999999999999));
#971=CARTESIAN_POINT('Ctrl Pts',(17.165138916232,52.9933502063164,2.5196500540466));
#972=CARTESIAN_POINT('Ctrl Pts',(19.151174724168,52.4898223799377,2.49919137201324));
#973=CARTESIAN_POINT('Ctrl Pts',(21.5764548389803,51.7578934109995,2.2275634011596));
#974=CARTESIAN_POINT('Ctrl Pts',(23.3983376057636,51.1449103120509,1.72217537234397));
#975=CARTESIAN_POINT('Ctrl Pts',(24.3248258874213,50.8125918220544,1.26202348797827));
#976=CARTESIAN_POINT('Ctrl Pts',(24.806714214303,50.6347397532702,0.823340766491413));
#977=CARTESIAN_POINT('Ctrl Pts',(25.0678503687646,50.5374300689981,0.495676386108148));
#978=CARTESIAN_POINT('Ctrl Pts',(25.2992106074644,50.4499732097638,-0.205554196996735));
#979=CARTESIAN_POINT('Ctrl Pts',(24.8367624771443,50.6248799043902,-0.853844602090628));
#980=CARTESIAN_POINT('Ctrl Pts',(24.2981794313845,50.8212223103699,-1.23306158731223));
#981=CARTESIAN_POINT('Ctrl Pts',(23.908528339274,50.9614680000987,-1.46019745750964));
#982=CARTESIAN_POINT('Ctrl Pts',(23.3835040360761,51.1465306253557,-1.69146713049339));
#983=CARTESIAN_POINT('Ctrl Pts',(22.8278918041234,51.3363363477865,-1.87437519702647));
#984=CARTESIAN_POINT('Ctrl Pts',(22.3716172181851,51.4883085947874,-1.9969357354966));
#985=CARTESIAN_POINT('Ctrl Pts',(21.6773715732962,51.7155965507507,-2.15975400858743));
#986=CARTESIAN_POINT('Ctrl Pts',(20.608249882658,52.0503756165967,-2.33402860926577));
#987=CARTESIAN_POINT('Ctrl Pts',(18.6588510455841,52.6143876775038,-2.50528164059486));
#988=CARTESIAN_POINT('Ctrl Pts',(17.165138916232,52.9933502063164,-2.51965005404662));
#989=CARTESIAN_POINT('Ctrl Pts',(16.1612931076371,53.2233456524085,-2.5));
#990=CARTESIAN_POINT('Ctrl Pts',(16.093474338541,53.0000007897615,2.49999999999999));
#991=CARTESIAN_POINT('Ctrl Pts',(17.0968817919581,52.7823685544241,2.49999999999999));
#992=CARTESIAN_POINT('Ctrl Pts',(19.082666534697,52.3111098824373,2.44413483342913));
#993=CARTESIAN_POINT('Ctrl Pts',(21.5082855794499,51.6382017564255,2.14596780571137));
#994=CARTESIAN_POINT('Ctrl Pts',(23.3306753640484,51.0812096927606,1.64320823238176));
#995=CARTESIAN_POINT('Ctrl Pts',(24.2574665689509,50.7811857575717,1.19868197738021));
#996=CARTESIAN_POINT('Ctrl Pts',(24.73952584054,50.6210993533039,0.780483969110524));
#997=CARTESIAN_POINT('Ctrl Pts',(25.0007553702602,50.5335931945441,0.469100571977759));
#998=CARTESIAN_POINT('Ctrl Pts',(25.2322025028731,50.4550626919895,-0.194404471498099));
#999=CARTESIAN_POINT('Ctrl Pts',(24.7695775752666,50.6121114594155,-0.808612336245262));
#1000=CARTESIAN_POINT('Ctrl Pts',(24.2308110323426,50.7890696458276,-1.17183508050163));
#1001=CARTESIAN_POINT('Ctrl Pts',(23.8410315918828,50.915634357492,-1.39032382110822));
#1002=CARTESIAN_POINT('Ctrl Pts',(23.3158412321779,51.0830011618677,-1.61486968212898));
#1003=CARTESIAN_POINT('Ctrl Pts',(22.7600730445662,51.2552143792781,-1.79498098951492));
#1004=CARTESIAN_POINT('Ctrl Pts',(22.3036843190006,51.3934628309591,-1.91724865000845));
#1005=CARTESIAN_POINT('Ctrl Pts',(21.6092769714803,51.6005913812126,-2.08133435813906));
#1006=CARTESIAN_POINT('Ctrl Pts',(20.5399526833517,51.9070863410631,-2.26315920945368));
#1007=CARTESIAN_POINT('Ctrl Pts',(18.5904312925245,52.4277957287015,-2.45909891080705));
#1008=CARTESIAN_POINT('Ctrl Pts',(17.0968817919581,52.7823685544241,-2.5));
#1009=CARTESIAN_POINT('Ctrl Pts',(16.093474338541,53.0000007897615,-2.5));
#1010=CARTESIAN_POINT('',(16.093474338541,53.0000007897615,-2.5));
#1011=CARTESIAN_POINT('',(16.3834468491453,53.9549557589464,-3.56306306306307));
#1012=CARTESIAN_POINT('Origin',(16.093474338541,53.0000007897615,-3.5));
#1013=CARTESIAN_POINT('Ctrl Pts',(16.3834468491453,53.9549557589464,-3.56306306306307));
#1014=CARTESIAN_POINT('Ctrl Pts',(17.4049337161375,53.6447808073213,-3.56306306306307));
#1015=CARTESIAN_POINT('Ctrl Pts',(18.9253940185159,53.1394346719222,-3.50476979900608));
#1016=CARTESIAN_POINT('Ctrl Pts',(20.9100419208897,52.3973065176483,-3.22551159401416));
#1017=CARTESIAN_POINT('Ctrl Pts',(21.9986333133088,51.9604821694649,-2.96637022934773));
#1018=CARTESIAN_POINT('Ctrl Pts',(22.7055525049285,51.6652773347793,-2.73251113902104));
#1019=CARTESIAN_POINT('Ctrl Pts',(23.1701644507746,51.4682421540952,-2.55825218505637));
#1020=CARTESIAN_POINT('Ctrl Pts',(23.7359464796044,51.2227995325248,-2.30155300642171));
#1021=CARTESIAN_POINT('Ctrl Pts',(24.2705997286734,50.9842641410632,-1.98152458107497));
#1022=CARTESIAN_POINT('Ctrl Pts',(24.6674022221145,50.8038809213757,-1.67012891653477));
#1023=CARTESIAN_POINT('Ctrl Pts',(25.2158762703165,50.5516756502911,-1.15245469904505));
#1024=CARTESIAN_POINT('Ctrl Pts',(25.6868367822041,50.3278457853651,-0.277070156675656));
#1025=CARTESIAN_POINT('Ctrl Pts',(25.4512194309856,50.4397694385554,0.668573968350289));
#1026=CARTESIAN_POINT('Ctrl Pts',(25.1852830628921,50.5644854233826,1.11236544066022));
#1027=CARTESIAN_POINT('Ctrl Pts',(24.6945380386618,50.7926446049605,1.70839179118512));
#1028=CARTESIAN_POINT('Ctrl Pts',(23.7510478931304,51.2202462855631,2.34194182308824));
#1029=CARTESIAN_POINT('Ctrl Pts',(21.8958222565571,52.0140854249486,3.05848744922105));
#1030=CARTESIAN_POINT('Ctrl Pts',(19.426498364151,52.9731310603997,3.48344261845486));
#1031=CARTESIAN_POINT('Ctrl Pts',(17.4049337161375,53.6447808073213,3.56306306306306));
#1032=CARTESIAN_POINT('Ctrl Pts',(16.3834468491453,53.9549557589464,3.56306306306306));
#1033=CARTESIAN_POINT('Ctrl Pts',(16.093474338541,53.0000007897615,2.49999999999999));
#1034=CARTESIAN_POINT('Ctrl Pts',(17.0968817919581,52.7823685544241,2.49999999999999));
#1035=CARTESIAN_POINT('Ctrl Pts',(19.082666534697,52.3111098824373,2.44413483342913));
#1036=CARTESIAN_POINT('Ctrl Pts',(21.5082855794499,51.6382017564255,2.14596780571137));
#1037=CARTESIAN_POINT('Ctrl Pts',(23.3306753640484,51.0812096927606,1.64320823238176));
#1038=CARTESIAN_POINT('Ctrl Pts',(24.2574665689509,50.7811857575717,1.19868197738021));
#1039=CARTESIAN_POINT('Ctrl Pts',(24.73952584054,50.6210993533039,0.780483969110524));
#1040=CARTESIAN_POINT('Ctrl Pts',(25.0007553702602,50.5335931945441,0.469100571977759));
#1041=CARTESIAN_POINT('Ctrl Pts',(25.2322025028731,50.4550626919895,-0.194404471498099));
#1042=CARTESIAN_POINT('Ctrl Pts',(24.7695775752666,50.6121114594155,-0.808612336245262));
#1043=CARTESIAN_POINT('Ctrl Pts',(24.2308110323426,50.7890696458276,-1.17183508050163));
#1044=CARTESIAN_POINT('Ctrl Pts',(23.8410315918828,50.915634357492,-1.39032382110822));
#1045=CARTESIAN_POINT('Ctrl Pts',(23.3158412321779,51.0830011618677,-1.61486968212898));
#1046=CARTESIAN_POINT('Ctrl Pts',(22.7600730445662,51.2552143792781,-1.79498098951492));
#1047=CARTESIAN_POINT('Ctrl Pts',(22.3036843190006,51.3934628309591,-1.91724865000845));
#1048=CARTESIAN_POINT('Ctrl Pts',(21.6092769714803,51.6005913812126,-2.08133435813906));
#1049=CARTESIAN_POINT('Ctrl Pts',(20.5399526833517,51.9070863410631,-2.26315920945368));
#1050=CARTESIAN_POINT('Ctrl Pts',(18.5904312925245,52.4277957287015,-2.45909891080705));
#1051=CARTESIAN_POINT('Ctrl Pts',(17.0968817919581,52.7823685544241,-2.5));
#1052=CARTESIAN_POINT('Ctrl Pts',(16.093474338541,53.0000007897615,-2.5));
#1053=CARTESIAN_POINT('Origin',(0.,5.64029237266474E-16,-3.50000000000001));
#1054=CARTESIAN_POINT('',(3.45962720759127E-15,55.3895296965049,-2.5));
#1055=CARTESIAN_POINT('',(3.45274097213898E-15,56.3875392405861,-3.56306306306307));
#1056=CARTESIAN_POINT('Origin',(3.3916305124551E-15,55.3895296965049,-3.5));
#1057=CARTESIAN_POINT('Origin',(0.,5.7419192622623E-16,-3.56306306306307));
#1058=CARTESIAN_POINT('Origin',(0.,4.02878026618911E-16,-2.50000000000001));
#1059=CARTESIAN_POINT('Origin',(3.45962720759127E-15,53.0000007897615,-2.5));
#1060=CARTESIAN_POINT('',(3.45962720759127E-15,53.0000007897615,-2.5));
#1061=CARTESIAN_POINT('',(3.45962720759127E-15,53.0000007897615,-2.5));
#1062=CARTESIAN_POINT('',(3.45962720759127E-15,56.4446631666803,-2.5));
#1063=CARTESIAN_POINT('Origin',(3.45962720759127E-15,53.0000007897615,-3.33066907387547E-15));
#1064=CARTESIAN_POINT('',(3.45962720759127E-15,53.0000007897615,2.5));
#1065=CARTESIAN_POINT('',(3.45962720759127E-15,53.0000007897615,2.5));
#1066=CARTESIAN_POINT('Origin',(3.45962720759127E-15,53.0000007897615,-3.33066907387547E-15));
#1067=CARTESIAN_POINT('Origin',(3.45962720759127E-15,56.4446631666803,2.5));
#1068=CARTESIAN_POINT('',(3.45962720759127E-15,56.4446631666803,2.5));
#1069=CARTESIAN_POINT('Origin',(0.,6.00000000000029,-3.0478979204496E-14));
#1070=CARTESIAN_POINT('',(15.337865746221,5.00000000000002,-52.9999988146311));
#1071=CARTESIAN_POINT('',(15.6142236875944,6.10810810810813,-53.9549537482281));
#1072=CARTESIAN_POINT('Origin',(15.337865746221,6.00000000000002,-52.9999988146311));
#1073=CARTESIAN_POINT('',(3.7401375217203E-16,6.10810810810812,-56.1688616169107));
#1074=CARTESIAN_POINT('Origin',(0.,6.1081081081084,-3.10281500009734E-14));
#1075=CARTESIAN_POINT('',(3.45962720759127E-15,5.00000000000001,-55.1747224732486));
#1076=CARTESIAN_POINT('Origin',(-1.7162090217675E-29,6.00000000000001,-55.1747224732486));
#1077=CARTESIAN_POINT('Origin',(0.,5.00000000000029,-2.53991493370803E-14));
#1078=CARTESIAN_POINT('Ctrl Pts',(15.61422368778,6.10810810810813,-53.9549537481744));
#1079=CARTESIAN_POINT('Ctrl Pts',(16.6470551563244,6.10810810804157,-53.6560588282288));
#1080=CARTESIAN_POINT('Ctrl Pts',(18.1834959622213,6.05324401425609,-53.1693809372205));
#1081=CARTESIAN_POINT('Ctrl Pts',(20.192553842249,5.79657383580724,-52.4573931037064));
#1082=CARTESIAN_POINT('Ctrl Pts',(21.428305157033,5.53298508760687,-51.9901245915184));
#1083=CARTESIAN_POINT('Ctrl Pts',(22.3915670751498,5.23679197537963,-51.6106782799578));
#1084=CARTESIAN_POINT('Ctrl Pts',(23.095160865186,4.96241326952317,-51.3269349718914));
#1085=CARTESIAN_POINT('Ctrl Pts',(23.6586786192492,4.68017516199668,-51.0954183146971));
#1086=CARTESIAN_POINT('Ctrl Pts',(24.0902385547261,4.41127597439527,-50.916633693017));
#1087=CARTESIAN_POINT('Ctrl Pts',(24.7045439290585,3.96123507910778,-50.6619202591684));
#1088=CARTESIAN_POINT('Ctrl Pts',(25.2511548119665,3.35641321960657,-50.4356108274857));
#1089=CARTESIAN_POINT('Ctrl Pts',(25.4384383888029,2.56368883617465,-50.3846952763899));
#1090=CARTESIAN_POINT('Ctrl Pts',(25.4338926146436,2.02088303719552,-50.41241683558));
#1091=CARTESIAN_POINT('Ctrl Pts',(25.0784364522192,1.14552084798246,-50.6214465967605));
#1092=CARTESIAN_POINT('Ctrl Pts',(24.0929606873104,0.324930152068358,-51.1131349710232));
#1093=CARTESIAN_POINT('Ctrl Pts',(22.2705437028547,-0.47533853210855,-51.9428067195558));
#1094=CARTESIAN_POINT('Ctrl Pts',(19.799256549092,-0.933327119982267,-52.9421067135805));
#1095=CARTESIAN_POINT('Ctrl Pts',(17.7620247677213,-1.0180181688963,-53.6365480291647));
#1096=CARTESIAN_POINT('Ctrl Pts',(16.735483950874,-1.01801801801788,-53.9549554373371));
#1097=CARTESIAN_POINT('Ctrl Pts',(15.6190295849751,5.94912952956856,-53.9715605271358));
#1098=CARTESIAN_POINT('Ctrl Pts',(16.6483377693552,5.9567709135068,-53.672787134639));
#1099=CARTESIAN_POINT('Ctrl Pts',(18.1788571013577,5.91435047063425,-53.1866358461188));
#1100=CARTESIAN_POINT('Ctrl Pts',(20.1791145426618,5.67762416171495,-52.4756189987998));
#1101=CARTESIAN_POINT('Ctrl Pts',(21.4090820968582,5.42845754968775,-52.0090987806729));
#1102=CARTESIAN_POINT('Ctrl Pts',(22.3676447251964,5.14547782708249,-51.6302787615763));
#1103=CARTESIAN_POINT('Ctrl Pts',(23.0677174167111,4.88206837006563,-51.3469931375261));
#1104=CARTESIAN_POINT('Ctrl Pts',(23.6283527642984,4.61009973434216,-51.1158315464659));
#1105=CARTESIAN_POINT('Ctrl Pts',(24.0576701696018,4.35037448941483,-50.9372824500349));
#1106=CARTESIAN_POINT('Ctrl Pts',(24.6687548433645,3.91515187803132,-50.6828465682427));
#1107=CARTESIAN_POINT('Ctrl Pts',(25.2124272743552,3.32871489683662,-50.4566175532988));
#1108=CARTESIAN_POINT('Ctrl Pts',(25.3986953331,2.55917342820784,-50.4049369282838));
#1109=CARTESIAN_POINT('Ctrl Pts',(25.3941741598025,2.03224435849319,-50.4319022526956));
#1110=CARTESIAN_POINT('Ctrl Pts',(25.040644773971,1.18295224980066,-50.639072792481));
#1111=CARTESIAN_POINT('Ctrl Pts',(24.0604218146668,0.389413676708551,-51.1278436996847));
#1112=CARTESIAN_POINT('Ctrl Pts',(22.2473269084507,-0.378916691253216,-51.9532826321674));
#1113=CARTESIAN_POINT('Ctrl Pts',(19.7878237302017,-0.808050914962002,-52.9482638114006));
#1114=CARTESIAN_POINT('Ctrl Pts',(17.7590042562826,-0.874868524134049,-53.6401543602915));
#1115=CARTESIAN_POINT('Ctrl Pts',(16.7362916739799,-0.866726794416055,-53.9575594531013));
#1116=CARTESIAN_POINT('Ctrl Pts',(15.6069602695101,5.62344915927461,-53.9298550046846));
#1117=CARTESIAN_POINT('Ctrl Pts',(16.6299333630401,5.64709744519674,-53.6391359925086));
#1118=CARTESIAN_POINT('Ctrl Pts',(18.1502686571862,5.6306019000979,-53.1653711290159));
#1119=CARTESIAN_POINT('Ctrl Pts',(20.1363338587008,5.43541056816746,-52.4709831281741));
#1120=CARTESIAN_POINT('Ctrl Pts',(21.3572853719915,5.21610504600909,-52.0147525023044));
#1121=CARTESIAN_POINT('Ctrl Pts',(22.3086942183761,4.96033952693004,-51.6439016492385));
#1122=CARTESIAN_POINT('Ctrl Pts',(23.0034873775269,4.7194365185783,-51.3663727306869));
#1123=CARTESIAN_POINT('Ctrl Pts',(23.559856794953,4.46843989319157,-51.1397273024831));
#1124=CARTESIAN_POINT('Ctrl Pts',(23.9858891190509,4.22738451625182,-50.9645360827388));
#1125=CARTESIAN_POINT('Ctrl Pts',(24.5922824880034,3.82224607104987,-50.7147336748445));
#1126=CARTESIAN_POINT('Ctrl Pts',(25.131742404036,3.27290641480698,-50.4921932508086));
#1127=CARTESIAN_POINT('Ctrl Pts',(25.3165641974639,2.54987840284119,-50.4401858955988));
#1128=CARTESIAN_POINT('Ctrl Pts',(25.3120780353903,2.05475439370871,-50.4656058489798));
#1129=CARTESIAN_POINT('Ctrl Pts',(24.9612941683711,1.25760807192382,-50.6667715106961));
#1130=CARTESIAN_POINT('Ctrl Pts',(23.9886413649221,0.518232683368357,-51.1432196957092));
#1131=CARTESIAN_POINT('Ctrl Pts',(22.1893464320847,-0.185985442677506,-51.9478299617708));
#1132=CARTESIAN_POINT('Ctrl Pts',(19.7480421778964,-0.556975331625722,-52.9165108048931));
#1133=CARTESIAN_POINT('Ctrl Pts',(17.7332308206294,-0.587933702409813,-53.5882315911871));
#1134=CARTESIAN_POINT('Ctrl Pts',(16.7171552148001,-0.563472212137482,-53.8958636455027));
#1135=CARTESIAN_POINT('Ctrl Pts',(15.5151466171718,5.15073131054116,-53.6125929068114));
#1136=CARTESIAN_POINT('Ctrl Pts',(16.53146213731,5.18701624892786,-53.3582229184082));
#1137=CARTESIAN_POINT('Ctrl Pts',(18.0420534916095,5.19536136519375,-52.9402299738295));
#1138=CARTESIAN_POINT('Ctrl Pts',(20.0158650708218,5.04952485966645,-52.3207087983438));
#1139=CARTESIAN_POINT('Ctrl Pts',(21.2294757039777,4.87016759418188,-51.9110336095851));
#1140=CARTESIAN_POINT('Ctrl Pts',(22.1752799013355,4.65369313549861,-51.5765587418731));
#1141=CARTESIAN_POINT('Ctrl Pts',(22.8660358040258,4.44673324637231,-51.3255684727558));
#1142=CARTESIAN_POINT('Ctrl Pts',(23.419214397623,4.22867009264936,-51.1200565301226));
#1143=CARTESIAN_POINT('Ctrl Pts',(23.8428274338529,4.01773563385946,-50.960901815829));
#1144=CARTESIAN_POINT('Ctrl Pts',(24.4457974221249,3.66189525397102,-50.7336908793283));
#1145=CARTESIAN_POINT('Ctrl Pts',(24.9822657330916,3.17563750386179,-50.5305126943783));
#1146=CARTESIAN_POINT('Ctrl Pts',(25.1660688430809,2.53294549850351,-50.4823897404497));
#1147=CARTESIAN_POINT('Ctrl Pts',(25.1616075082058,2.09272857747966,-50.505033535588));
#1148=CARTESIAN_POINT('Ctrl Pts',(24.8127569047153,1.38480064367358,-50.6874277722005));
#1149=CARTESIAN_POINT('Ctrl Pts',(23.8455338877602,0.733710810049609,-51.1195395090566));
#1150=CARTESIAN_POINT('Ctrl Pts',(22.0565586361595,0.125506461800365,-51.8462441727366));
#1151=CARTESIAN_POINT('Ctrl Pts',(19.6298232021727,-0.172845136590383,-52.7140771147861));
#1152=CARTESIAN_POINT('Ctrl Pts',(17.627704007286,-0.170862509359159,-53.3072599274085));
#1153=CARTESIAN_POINT('Ctrl Pts',(16.6181550317807,-0.134335665197894,-53.5766883032094));
#1154=CARTESIAN_POINT('Ctrl Pts',(15.4045475701159,5.00000000005132,-53.2304178728526));
#1155=CARTESIAN_POINT('Ctrl Pts',(16.419704785047,5.01963726744753,-53.0085623510923));
#1156=CARTESIAN_POINT('Ctrl Pts',(17.9294396787978,5.00759890655003,-52.6438322745322));
#1157=CARTESIAN_POINT('Ctrl Pts',(19.9029897106482,4.8534758708825,-52.102430308572));
#1158=CARTESIAN_POINT('Ctrl Pts',(21.116742963979,4.67846197978257,-51.7441164060014));
#1159=CARTESIAN_POINT('Ctrl Pts',(22.0627859031628,4.47322424047418,-51.4513977973902));
#1160=CARTESIAN_POINT('Ctrl Pts',(22.7537701189281,4.27935751212362,-51.2316559416562));
#1161=CARTESIAN_POINT('Ctrl Pts',(23.3071717931951,4.0767937169219,-51.0517062628315));
#1162=CARTESIAN_POINT('Ctrl Pts',(23.7309728815968,3.88189806482556,-50.9123348649079));
#1163=CARTESIAN_POINT('Ctrl Pts',(24.3342260882692,3.55398224925476,-50.7133965342486));
#1164=CARTESIAN_POINT('Ctrl Pts',(24.8709878667832,3.10818236575463,-50.5356224531906));
#1165=CARTESIAN_POINT('Ctrl Pts',(25.0548934688149,2.52052474948506,-50.4943508235423));
#1166=CARTESIAN_POINT('Ctrl Pts',(25.0504298772886,2.11801048651285,-50.5149906024724));
#1167=CARTESIAN_POINT('Ctrl Pts',(24.7013824803933,1.47004664308846,-50.6766009159443));
#1168=CARTESIAN_POINT('Ctrl Pts',(23.7336608476765,0.870386349920859,-51.0577527037813));
#1169=CARTESIAN_POINT('Ctrl Pts',(21.9439551486608,0.3014045423394,-51.6975428122651));
#1170=CARTESIAN_POINT('Ctrl Pts',(19.5167728178737,0.00463300626568772,
-52.4601406207352));
#1171=CARTESIAN_POINT('Ctrl Pts',(17.5152839460801,-0.0196467655524739,
-52.9805080038212));
#1172=CARTESIAN_POINT('Ctrl Pts',(16.5065219549604,1.02724239206357E-7,
-53.2167848361626));
#1173=CARTESIAN_POINT('Ctrl Pts',(15.3378657464034,5.00000000000001,-52.999998814801));
#1174=CARTESIAN_POINT('Ctrl Pts',(16.3524170119647,4.99999999995332,-52.7902811402501));
#1175=CARTESIAN_POINT('Ctrl Pts',(17.8616641752793,4.96150496575491,-52.4488067666602));
#1176=CARTESIAN_POINT('Ctrl Pts',(19.8351635087579,4.78141400616058,-51.9492451388469));
#1177=CARTESIAN_POINT('Ctrl Pts',(21.0490431188554,4.59646867714515,-51.6213892295367));
#1178=CARTESIAN_POINT('Ctrl Pts',(21.9952561534657,4.38864670838899,-51.3551531955087));
#1179=CARTESIAN_POINT('Ctrl Pts',(22.6863969560676,4.19613067583485,-51.1560665507845));
#1180=CARTESIAN_POINT('Ctrl Pts',(23.2399409445722,3.99810014526948,-50.9936243956103));
#1181=CARTESIAN_POINT('Ctrl Pts',(23.6638626511026,3.80942878102323,-50.8681813298296));
#1182=CARTESIAN_POINT('Ctrl Pts',(24.2672953639424,3.49366051694668,-50.6894633073442));
#1183=CARTESIAN_POINT('Ctrl Pts',(24.8042317179494,3.06929119706905,-50.5306747680472));
#1184=CARTESIAN_POINT('Ctrl Pts',(24.9882005412135,2.51308129466105,-50.4949502031191));
#1185=CARTESIAN_POINT('Ctrl Pts',(24.983735223234,2.132225139878,-50.5144008546368));
#1186=CARTESIAN_POINT('Ctrl Pts',(24.6345703203215,1.51803295907736,-50.6610652256294));
#1187=CARTESIAN_POINT('Ctrl Pts',(23.6665366043492,0.94227083994678,-51.0060551721728));
#1188=CARTESIAN_POINT('Ctrl Pts',(21.8763747877599,0.38076752804006,-51.5881889527488));
#1189=CARTESIAN_POINT('Ctrl Pts',(19.448827229639,0.0594228172057986,-52.2893412873679));
#1190=CARTESIAN_POINT('Ctrl Pts',(17.4476526479386,-1.05862838724726E-7,
-52.7765915151166));
#1191=CARTESIAN_POINT('Ctrl Pts',(16.4392806951063,1.88737914186277E-14,
-52.999999999991));
#1192=CARTESIAN_POINT('',(16.4392806951076,2.09403071894896E-14,-52.9999999999954));
#1193=CARTESIAN_POINT('',(23.3234134018676,4.33295632012998E-9,-51.4613290470192));
#1194=CARTESIAN_POINT('Ctrl Pts',(16.4392860420422,-2.65482080763491E-13,
-52.9999988153577));
#1195=CARTESIAN_POINT('Ctrl Pts',(16.4540625409975,-2.65459476446348E-13,
-52.9978902086124));
#1196=CARTESIAN_POINT('Ctrl Pts',(16.468839082777,1.11022479621943E-15,
-52.9957786947494));
#1197=CARTESIAN_POINT('Ctrl Pts',(18.5946034254195,1.10996991850852E-15,
-52.6915925407045));
#1198=CARTESIAN_POINT('Ctrl Pts',(20.3504418947546,9.12240956076912E-15,
-52.3820896008265));
#1199=CARTESIAN_POINT('Ctrl Pts',(22.2217935599566,9.17419803306477E-15,
-51.8785235309847));
#1200=CARTESIAN_POINT('Ctrl Pts',(22.8113841105072,-6.10118584568058E-17,
-51.6933920552114));
#1201=CARTESIAN_POINT('Ctrl Pts',(23.3234133823527,-6.24036427769271E-17,
-51.4613290558638));
#1202=CARTESIAN_POINT('Ctrl Pts',(23.3230930014014,0.000814766609756337,
-51.4614192305569));
#1203=CARTESIAN_POINT('Ctrl Pts',(23.577015730232,0.1134045488914,-51.3463546162454));
#1204=CARTESIAN_POINT('Ctrl Pts',(24.266527768125,0.469456823048099,-51.0265362754183));
#1205=CARTESIAN_POINT('Ctrl Pts',(25.0784364522192,1.14552084798246,-50.6214465967605));
#1206=CARTESIAN_POINT('Ctrl Pts',(25.4338926146436,2.02088303719552,-50.41241683558));
#1207=CARTESIAN_POINT('Ctrl Pts',(25.4384383888029,2.56368883617465,-50.3846952763899));
#1208=CARTESIAN_POINT('Ctrl Pts',(25.2511548119665,3.35641321960657,-50.4356108274857));
#1209=CARTESIAN_POINT('Ctrl Pts',(24.7045439290585,3.96123507910778,-50.6619202591684));
#1210=CARTESIAN_POINT('Ctrl Pts',(24.0902385547261,4.41127597439527,-50.916633693017));
#1211=CARTESIAN_POINT('Ctrl Pts',(23.6586786192492,4.68017516199668,-51.0954183146971));
#1212=CARTESIAN_POINT('Ctrl Pts',(23.095160865186,4.96241326952317,-51.3269349718914));
#1213=CARTESIAN_POINT('Ctrl Pts',(22.3915670751498,5.23679197537963,-51.6106782799578));
#1214=CARTESIAN_POINT('Ctrl Pts',(21.428305157033,5.53298508760687,-51.9901245915184));
#1215=CARTESIAN_POINT('Ctrl Pts',(20.192553842249,5.79657383580724,-52.4573931037064));
#1216=CARTESIAN_POINT('Ctrl Pts',(18.1834959622213,6.05324401425609,-53.1693809372205));
#1217=CARTESIAN_POINT('Ctrl Pts',(16.6470551563244,6.10810810804157,-53.6560588282288));
#1218=CARTESIAN_POINT('Ctrl Pts',(15.61422368778,6.10810810810813,-53.9549537481744));
#1219=CARTESIAN_POINT('Ctrl Pts',(15.3378657464034,5.00000000000001,-52.999998814801));
#1220=CARTESIAN_POINT('Ctrl Pts',(16.3524170119647,4.99999999995332,-52.7902811402501));
#1221=CARTESIAN_POINT('Ctrl Pts',(17.8616641752793,4.96150496575491,-52.4488067666602));
#1222=CARTESIAN_POINT('Ctrl Pts',(19.8351635087579,4.78141400616058,-51.9492451388469));
#1223=CARTESIAN_POINT('Ctrl Pts',(21.0490431188554,4.59646867714515,-51.6213892295367));
#1224=CARTESIAN_POINT('Ctrl Pts',(21.9952561534657,4.38864670838899,-51.3551531955087));
#1225=CARTESIAN_POINT('Ctrl Pts',(22.6863969560676,4.19613067583485,-51.1560665507845));
#1226=CARTESIAN_POINT('Ctrl Pts',(23.2399409445722,3.99810014526948,-50.9936243956103));
#1227=CARTESIAN_POINT('Ctrl Pts',(23.6638626511026,3.80942878102323,-50.8681813298296));
#1228=CARTESIAN_POINT('Ctrl Pts',(24.2672953639424,3.49366051694668,-50.6894633073442));
#1229=CARTESIAN_POINT('Ctrl Pts',(24.8042317179494,3.06929119706905,-50.5306747680472));
#1230=CARTESIAN_POINT('Ctrl Pts',(24.9882005412135,2.51308129466105,-50.4949502031191));
#1231=CARTESIAN_POINT('Ctrl Pts',(24.983735223234,2.132225139878,-50.5144008546368));
#1232=CARTESIAN_POINT('Ctrl Pts',(24.6345703203215,1.51803295907736,-50.6610652256294));
#1233=CARTESIAN_POINT('Ctrl Pts',(23.6665366043492,0.94227083994678,-51.0060551721728));
#1234=CARTESIAN_POINT('Ctrl Pts',(21.8763747877599,0.38076752804006,-51.5881889527488));
#1235=CARTESIAN_POINT('Ctrl Pts',(19.448827229639,0.0594228172057986,-52.2893412873679));
#1236=CARTESIAN_POINT('Ctrl Pts',(17.4476526479386,-1.05862838724726E-7,
-52.7765915151166));
#1237=CARTESIAN_POINT('Ctrl Pts',(16.4392806951063,1.88737914186277E-14,
-52.999999999991));
#1238=CARTESIAN_POINT('Origin',(3.45962720759127E-15,2.49999999999988,-52.9999988153577));
#1239=CARTESIAN_POINT('',(3.45962720759127E-15,5.00000000000002,-52.9999988146311));
#1240=CARTESIAN_POINT('',(3.45962720759127E-15,5.00000000000002,-52.9999988146311));
#1241=CARTESIAN_POINT('',(3.45962720759127E-15,2.1094237467878E-14,-53.));
#1242=CARTESIAN_POINT('Origin',(3.45962720759127E-15,2.49999999999988,-52.9999988153577));
#1243=CARTESIAN_POINT('',(3.45962720759127E-15,2.1094237467878E-14,-53.));
#1244=CARTESIAN_POINT('Origin',(3.45962720759127E-15,5.,-56.2783262011229));
#1245=CARTESIAN_POINT('',(3.45962720759127E-15,5.,-56.2783262011229));
#1246=CARTESIAN_POINT('Origin',(28.75,0.,0.));
#1247=CARTESIAN_POINT('',(1.09578095904259E-15,-3.34600000647999E-15,57.5));
#1248=CARTESIAN_POINT('',(-2.97716658833304E-15,1.87960928356875E-15,-57.5));
#1249=CARTESIAN_POINT('Origin',(0.,0.,0.));
#1250=CARTESIAN_POINT('',(3.45962720759127E-15,6.91925441518255E-15,56.5));
#1251=CARTESIAN_POINT('',(33.7943932315178,0.,45.2790126450825));
#1252=CARTESIAN_POINT('Origin',(0.,0.,0.));
#1253=CARTESIAN_POINT('',(35.0000006705523,0.,42.8748172833967));
#1254=CARTESIAN_POINT('Origin',(32.0000006705523,0.,42.8748172833967));
#1255=CARTESIAN_POINT('',(35.0000006705522,0.,-42.8748172833968));
#1256=CARTESIAN_POINT('',(35.0000006705522,0.,-44.3536915381498));
#1257=CARTESIAN_POINT('',(33.7943932315178,0.,-45.2790126450826));
#1258=CARTESIAN_POINT('Origin',(32.0000006705522,0.,-42.8748172833968));
#1259=CARTESIAN_POINT('Origin',(0.,0.,0.));
#1260=CARTESIAN_POINT('',(0.,0.,-57.5));
#1261=CARTESIAN_POINT('',(38.475,0.,-1.86758636869971E-16));
#1262=CARTESIAN_POINT('Origin',(40.,0.,0.));
#1263=CARTESIAN_POINT('Origin',(3.45962720759127E-15,2.49999999999988,-52.9999988153577));
#1264=CARTESIAN_POINT('',(23.3246676671122,2.49999999999988,-51.3999988153577));
#1265=CARTESIAN_POINT('',(14.312237049565,2.49999999999988,-54.5999988153577));
#1266=CARTESIAN_POINT('Ctrl Pts',(23.3246676671122,2.49999999999988,-51.3999988153577));
#1267=CARTESIAN_POINT('Ctrl Pts',(23.3135703997155,2.60353602961689,-51.3999988153577));
#1268=CARTESIAN_POINT('Ctrl Pts',(23.2809865828523,2.69903874272926,-51.4098358590238));
#1269=CARTESIAN_POINT('Ctrl Pts',(23.1874776412891,2.87699734553961,-51.442435171422));
#1270=CARTESIAN_POINT('Ctrl Pts',(23.126432922515,2.95938138992867,-51.4652464261405));
#1271=CARTESIAN_POINT('Ctrl Pts',(22.9157573888821,3.18724015603294,-51.5461470336794));
#1272=CARTESIAN_POINT('Ctrl Pts',(22.7387552580954,3.3126243034723,-51.6165564617747));
#1273=CARTESIAN_POINT('Ctrl Pts',(22.0797193293548,3.69205845570021,-51.879285663298));
#1274=CARTESIAN_POINT('Ctrl Pts',(21.5029801467912,3.85319104886503,-52.1098912004241));
#1275=CARTESIAN_POINT('Ctrl Pts',(20.3154107919539,4.06118693718049,-52.5685917862351));
#1276=CARTESIAN_POINT('Ctrl Pts',(19.703472275825,4.09999999999988,-52.7974314007155));
#1277=CARTESIAN_POINT('Ctrl Pts',(18.496071399411,4.09999999999988,-53.2335224154455));
#1278=CARTESIAN_POINT('Ctrl Pts',(17.7852039206372,4.04801365493391,-53.4799803409693));
#1279=CARTESIAN_POINT('Ctrl Pts',(16.3831249237204,3.81830586094584,-53.9427654871873));
#1280=CARTESIAN_POINT('Ctrl Pts',(15.6897948065184,3.65364094228275,-54.1590603016898));
#1281=CARTESIAN_POINT('Ctrl Pts',(14.8496045897222,3.25531235097761,-54.4170856413886));
#1282=CARTESIAN_POINT('Ctrl Pts',(14.5693950332392,3.09661929763602,-54.502024751074));
#1283=CARTESIAN_POINT('Ctrl Pts',(14.3746883526313,2.82346433623927,-54.5678524393284));
#1284=CARTESIAN_POINT('Ctrl Pts',(14.3415446175061,2.76232092676676,-54.579706046481));
#1285=CARTESIAN_POINT('Ctrl Pts',(14.304459988969,2.63236707809786,-54.5958578925982));
#1286=CARTESIAN_POINT('Ctrl Pts',(14.3011709945514,2.56335200102331,-54.5999988153577));
#1287=CARTESIAN_POINT('Ctrl Pts',(14.312237049565,2.49999999999988,-54.5999988153577));
#1288=CARTESIAN_POINT('Ctrl Pts',(14.312237049565,2.49999999999988,-54.5999988153577));
#1289=CARTESIAN_POINT('Ctrl Pts',(14.3230050652719,2.43835424265973,-54.5999988153577));
#1290=CARTESIAN_POINT('Ctrl Pts',(14.3447331732589,2.38519530356348,-54.5966357943467));
#1291=CARTESIAN_POINT('Ctrl Pts',(14.3990198345423,2.28712856955558,-54.5865408064978));
#1292=CARTESIAN_POINT('Ctrl Pts',(14.4318852577446,2.24240038976332,-54.5797175434565));
#1293=CARTESIAN_POINT('Ctrl Pts',(14.5429598311855,2.11504381155954,-54.5554017849707));
#1294=CARTESIAN_POINT('Ctrl Pts',(14.6329468813944,2.03989000080245,-54.5342213539212));
#1295=CARTESIAN_POINT('Ctrl Pts',(14.9340812343916,1.82981960288735,-54.4604197096462));
#1296=CARTESIAN_POINT('Ctrl Pts',(15.1717531164263,1.71472918831321,-54.3984399553693));
#1297=CARTESIAN_POINT('Ctrl Pts',(16.0243979827206,1.36265867596043,-54.1673587532251));
#1298=CARTESIAN_POINT('Ctrl Pts',(16.7377689208873,1.19116790604453,-53.9561063087769));
#1299=CARTESIAN_POINT('Ctrl Pts',(18.1744539552821,0.956256772503448,-53.4939996059915));
#1300=CARTESIAN_POINT('Ctrl Pts',(18.8987372740124,0.899999999999878,-53.2425455169476));
#1301=CARTESIAN_POINT('Ctrl Pts',(20.0884225837813,0.899999999999878,-52.8035723589722));
#1302=CARTESIAN_POINT('Ctrl Pts',(20.6678748004768,0.936266130174746,-52.5793248267614));
#1303=CARTESIAN_POINT('Ctrl Pts',(21.7828821446033,1.13855285381679,-52.1232461109836));
#1304=CARTESIAN_POINT('Ctrl Pts',(22.320452340596,1.29283516464336,-51.891212746688));
#1305=CARTESIAN_POINT('Ctrl Pts',(22.9406359772117,1.70246122315979,-51.6055346959268));
#1306=CARTESIAN_POINT('Ctrl Pts',(23.1337725450662,1.87448116615848,-51.5132725877386));
#1307=CARTESIAN_POINT('Ctrl Pts',(23.2696435077059,2.13223685105373,-51.441542864159));
#1308=CARTESIAN_POINT('Ctrl Pts',(23.2975061785822,2.20344964354799,-51.4259358578014));
#1309=CARTESIAN_POINT('Ctrl Pts',(23.3289390288553,2.35187966157738,-51.4051080065867));
#1310=CARTESIAN_POINT('Ctrl Pts',(23.3322599284885,2.42916521062296,-51.3999988153577));
#1311=CARTESIAN_POINT('Ctrl Pts',(23.3246676671122,2.49999999999988,-51.3999988153577));
#1312=CARTESIAN_POINT('',(3.45962720759127E-15,2.49999999999988,-54.5999988153577));
#1313=CARTESIAN_POINT('',(3.45962720759127E-15,2.49999999999988,-54.5999988153577));
#1314=CARTESIAN_POINT('Origin',(3.45962720759127E-15,2.49999999999988,-52.9999988153577));
#1315=CARTESIAN_POINT('Origin',(0.,0.,0.));
#1316=CARTESIAN_POINT('Origin',(0.,0.,0.));
#1317=CARTESIAN_POINT('Origin',(0.,0.,0.));
#1318=CARTESIAN_POINT('Origin',(33.7943932315178,0.,-1.01509422555991E-14));
#1319=CARTESIAN_POINT('Origin',(0.,0.,0.));
#1320=CARTESIAN_POINT('Origin',(0.,0.,0.));
#1321=CARTESIAN_POINT('',(43.,38.1739439932528,2.08166817117217E-16));
#1322=CARTESIAN_POINT('',(37.,44.0142022533636,3.67394039744206E-16));
#1323=CARTESIAN_POINT('Ctrl Pts',(43.,38.1739439932528,2.08166817117217E-16));
#1324=CARTESIAN_POINT('Ctrl Pts',(43.,38.1739439932528,0.373875381965689));
#1325=CARTESIAN_POINT('Ctrl Pts',(42.9258511541436,38.2518161626526,0.757384983067988));
#1326=CARTESIAN_POINT('Ctrl Pts',(42.6575772744611,38.5313294581362,1.43927770898308));
#1327=CARTESIAN_POINT('Ctrl Pts',(42.4644156702524,38.7316475381292,1.73858090619889));
#1328=CARTESIAN_POINT('Ctrl Pts',(41.9644831726606,39.2451773891042,2.31168861765531));
#1329=CARTESIAN_POINT('Ctrl Pts',(41.5966508542421,39.619095099393,2.57589748014178));
#1330=CARTESIAN_POINT('Ctrl Pts',(40.8096025538396,40.4058975885599,2.92045990781031));
#1331=CARTESIAN_POINT('Ctrl Pts',(40.3901422742157,40.8188940024639,3.));
#1332=CARTESIAN_POINT('Ctrl Pts',(39.6205490598006,41.5661137010772,3.));
#1333=CARTESIAN_POINT('Ctrl Pts',(39.206647149544,41.9625508373012,2.92455775694137));
#1334=CARTESIAN_POINT('Ctrl Pts',(38.4219262244667,42.7040202528184,2.58691534537442));
#1335=CARTESIAN_POINT('Ctrl Pts',(38.0511428943166,43.0492124460375,2.32498348879499));
#1336=CARTESIAN_POINT('Ctrl Pts',(37.5425033356293,43.5188149162977,1.74958657229384));
#1337=CARTESIAN_POINT('Ctrl Pts',(37.3451174874076,43.6996107401131,1.445227844293));
#1338=CARTESIAN_POINT('Ctrl Pts',(37.0734018429306,43.9476191484917,0.756379190169666));
#1339=CARTESIAN_POINT('Ctrl Pts',(37.,44.0142022533636,0.371297183748669));
#1340=CARTESIAN_POINT('Ctrl Pts',(37.,44.0142022533636,9.0205620750794E-16));
#1341=CARTESIAN_POINT('Ctrl Pts',(37.,44.0142022533636,2.42861286636753E-16));
#1342=CARTESIAN_POINT('Ctrl Pts',(37.,44.0142022533636,-0.371297183748668));
#1343=CARTESIAN_POINT('Ctrl Pts',(37.0734018429306,43.9476191484917,-0.756379190169665));
#1344=CARTESIAN_POINT('Ctrl Pts',(37.3451174874076,43.6996107401131,-1.445227844293));
#1345=CARTESIAN_POINT('Ctrl Pts',(37.5425033356293,43.5188149162977,-1.74958657229384));
#1346=CARTESIAN_POINT('Ctrl Pts',(38.0511428943166,43.0492124460375,-2.32498348879499));
#1347=CARTESIAN_POINT('Ctrl Pts',(38.4219262244667,42.7040202528184,-2.58691534537442));
#1348=CARTESIAN_POINT('Ctrl Pts',(39.206647149544,41.9625508373012,-2.92455775694137));
#1349=CARTESIAN_POINT('Ctrl Pts',(39.6205490598006,41.5661137010772,-3.));
#1350=CARTESIAN_POINT('Ctrl Pts',(40.3901422742157,40.8188940024639,-3.));
#1351=CARTESIAN_POINT('Ctrl Pts',(40.8096025538396,40.4058975885599,-2.92045990781031));
#1352=CARTESIAN_POINT('Ctrl Pts',(41.5966508542421,39.619095099393,-2.57589748014178));
#1353=CARTESIAN_POINT('Ctrl Pts',(41.9644831726606,39.2451773891042,-2.31168861765531));
#1354=CARTESIAN_POINT('Ctrl Pts',(42.4644156702524,38.7316475381292,-1.73858090619889));
#1355=CARTESIAN_POINT('Ctrl Pts',(42.6575772744611,38.5313294581362,-1.43927770898308));
#1356=CARTESIAN_POINT('Ctrl Pts',(42.9258511541436,38.2518161626526,-0.757384983067994));
#1357=CARTESIAN_POINT('Ctrl Pts',(43.,38.1739439932528,-0.37387538196569));
#1358=CARTESIAN_POINT('Ctrl Pts',(43.,38.1739439932528,-1.38777878078145E-16));
#1359=CARTESIAN_POINT('Origin',(3.45962720759127E-15,2.49999999999994,53.0000007897615));
#1360=CARTESIAN_POINT('',(14.3122295173757,2.49999999999994,54.6000007897615));
#1361=CARTESIAN_POINT('',(23.3246633161663,2.49999999999994,51.4000007897615));
#1362=CARTESIAN_POINT('Ctrl Pts',(14.3122295173757,2.49999999999994,54.6000007897615));
#1363=CARTESIAN_POINT('Ctrl Pts',(14.3011634582305,2.56335199133506,54.6000007897615));
#1364=CARTESIAN_POINT('Ctrl Pts',(14.3044524523929,2.63236705773471,54.5958598681965));
#1365=CARTESIAN_POINT('Ctrl Pts',(14.3415370860375,2.76232088280389,54.5797080276855));
#1366=CARTESIAN_POINT('Ctrl Pts',(14.3746808259616,2.8234642795717,54.5678544249835));
#1367=CARTESIAN_POINT('Ctrl Pts',(14.5693875822214,3.09661925781042,54.5020267454549));
#1368=CARTESIAN_POINT('Ctrl Pts',(14.8495972477749,3.2553122861176,54.4170876491));
#1369=CARTESIAN_POINT('Ctrl Pts',(15.6897878373787,3.65364089690743,54.159062327053));
#1370=CARTESIAN_POINT('Ctrl Pts',(16.3831182679777,3.8183058249646,53.9427675152228));
#1371=CARTESIAN_POINT('Ctrl Pts',(17.7851978796768,4.04801364472394,53.4799823548003));
#1372=CARTESIAN_POINT('Ctrl Pts',(18.4960656603003,4.09999999999995,53.2335244129203));
#1373=CARTESIAN_POINT('Ctrl Pts',(19.703466973025,4.09999999999995,52.7974333813821));
#1374=CARTESIAN_POINT('Ctrl Pts',(20.3154056683029,4.06118694024603,52.5685937680905));
#1375=CARTESIAN_POINT('Ctrl Pts',(21.5029753773662,3.8531910472959,52.1098931706762));
#1376=CARTESIAN_POINT('Ctrl Pts',(22.079714735562,3.69205845226274,51.8792876203967));
#1377=CARTESIAN_POINT('Ctrl Pts',(22.7387508324075,3.31262426390008,51.6165584139902));
#1378=CARTESIAN_POINT('Ctrl Pts',(22.9157529800574,3.18724012674991,51.5461489955215));
#1379=CARTESIAN_POINT('Ctrl Pts',(23.1264285391421,2.95938137594076,51.4652483966604));
#1380=CARTESIAN_POINT('Ctrl Pts',(23.1874732661861,2.87699733678281,51.4424371439718));
#1381=CARTESIAN_POINT('Ctrl Pts',(23.2809822227666,2.6990387419335,51.4098378335335));
#1382=CARTESIAN_POINT('Ctrl Pts',(23.3135660464841,2.60353603162663,51.4000007897615));
#1383=CARTESIAN_POINT('Ctrl Pts',(23.3246633161663,2.49999999999994,51.4000007897615));
#1384=CARTESIAN_POINT('Ctrl Pts',(23.3246633161663,2.49999999999994,51.4000007897615));
#1385=CARTESIAN_POINT('Ctrl Pts',(23.3322555783945,2.42916521588751,51.4000007897615));
#1386=CARTESIAN_POINT('Ctrl Pts',(23.3289346787652,2.35187967261339,51.4051099802538));
#1387=CARTESIAN_POINT('Ctrl Pts',(23.2975018270783,2.20344966650767,51.4259378281717));
#1388=CARTESIAN_POINT('Ctrl Pts',(23.2696391548698,2.13223688014052,51.4415448319566));
#1389=CARTESIAN_POINT('Ctrl Pts',(23.1337681761817,1.87448119753454,51.5132745486307));
#1390=CARTESIAN_POINT('Ctrl Pts',(22.9406315818242,1.70246126302345,51.6055366485685));
#1391=CARTESIAN_POINT('Ctrl Pts',(22.3204477870091,1.29283516351404,51.8912147069043));
#1392=CARTESIAN_POINT('Ctrl Pts',(21.7828774303309,1.13855285445654,52.1232480828714));
#1393=CARTESIAN_POINT('Ctrl Pts',(20.6678697627667,0.936266127275788,52.5793268087753));
#1394=CARTESIAN_POINT('Ctrl Pts',(20.0884173823542,0.899999999999943,52.8035743392716));
#1395=CARTESIAN_POINT('Ctrl Pts',(18.8987316525418,0.899999999999943,53.2425475157707));
#1396=CARTESIAN_POINT('Ctrl Pts',(18.1744480344188,0.95625678368077,53.4940016215334));
#1397=CARTESIAN_POINT('Ctrl Pts',(16.7377623914487,1.19116794342458,53.9561083375618));
#1398=CARTESIAN_POINT('Ctrl Pts',(16.0243911439488,1.36265872575067,54.1673607784869));
#1399=CARTESIAN_POINT('Ctrl Pts',(15.1717459208746,1.71472924528347,54.3984419606712));
#1400=CARTESIAN_POINT('Ctrl Pts',(14.9340739650029,1.82981964608775,54.4604217018107));
#1401=CARTESIAN_POINT('Ctrl Pts',(14.6329395039833,2.03989001751552,54.5342233328993));
#1402=CARTESIAN_POINT('Ctrl Pts',(14.5429524202839,2.11504381737765,54.5554037603168));
#1403=CARTESIAN_POINT('Ctrl Pts',(14.4318777969334,2.24240038241601,54.5797195165418));
#1404=CARTESIAN_POINT('Ctrl Pts',(14.3990123574911,2.28712855796718,54.5865427793111));
#1405=CARTESIAN_POINT('Ctrl Pts',(14.3447256648964,2.38519528960706,54.5966377677116));
#1406=CARTESIAN_POINT('Ctrl Pts',(14.3229975409666,2.4383542299669,54.6000007897615));
#1407=CARTESIAN_POINT('Ctrl Pts',(14.3122295173757,2.49999999999994,54.6000007897615));
#1408=CARTESIAN_POINT('',(3.45962720759127E-15,2.49999999999994,51.4000007897615));
#1409=CARTESIAN_POINT('',(3.45962720759127E-15,2.49999999999994,51.4000007897615));
#1410=CARTESIAN_POINT('Origin',(3.45962720759127E-15,2.49999999999994,53.0000007897615));
#1411=CARTESIAN_POINT('Origin',(0.,0.,0.));
#1412=CARTESIAN_POINT('Origin',(3.45962720759127E-15,53.0000007897615,-3.33066907387547E-15));
#1413=CARTESIAN_POINT('',(19.5112766441685,53.0000007897615,1.6));
#1414=CARTESIAN_POINT('',(19.5112766441685,53.0000007897615,-1.6));
#1415=CARTESIAN_POINT('Ctrl Pts',(19.5112766441685,53.0000007897616,1.6));
#1416=CARTESIAN_POINT('Ctrl Pts',(18.8653329125604,53.2377967644063,1.6));
#1417=CARTESIAN_POINT('Ctrl Pts',(18.1544167629417,53.4868041626607,1.54599764707883));
#1418=CARTESIAN_POINT('Ctrl Pts',(16.7485899864908,53.9497058152253,1.31345048526211));
#1419=CARTESIAN_POINT('Ctrl Pts',(16.0522163750204,54.1640090167339,1.14466891049853));
#1420=CARTESIAN_POINT('Ctrl Pts',(15.1826756062256,54.4174077173187,0.755384948511147));
#1421=CARTESIAN_POINT('Ctrl Pts',(14.8770586884277,54.5037686117793,0.592317104188408));
#1422=CARTESIAN_POINT('Ctrl Pts',(14.644073210511,54.5683293297177,0.320805687223605));
#1423=CARTESIAN_POINT('Ctrl Pts',(14.6029129147045,54.5796770668822,0.262170344081014));
#1424=CARTESIAN_POINT('Ctrl Pts',(14.5450460082268,54.5955893510249,0.134935694808626));
#1425=CARTESIAN_POINT('Ctrl Pts',(14.5289336758772,54.6000007897615,0.0660478636095294));
#1426=CARTESIAN_POINT('Ctrl Pts',(14.5289336758772,54.6000007897615,-0.0660478636095358));
#1427=CARTESIAN_POINT('Ctrl Pts',(14.5450460082268,54.5955893510249,-0.134935694808633));
#1428=CARTESIAN_POINT('Ctrl Pts',(14.6029129147045,54.5796770668822,-0.262170344081021));
#1429=CARTESIAN_POINT('Ctrl Pts',(14.644073210511,54.5683293297177,-0.320805687223611));
#1430=CARTESIAN_POINT('Ctrl Pts',(14.8770586884277,54.5037686117793,-0.592317104188414));
#1431=CARTESIAN_POINT('Ctrl Pts',(15.1826756062256,54.4174077173187,-0.755384948511154));
#1432=CARTESIAN_POINT('Ctrl Pts',(16.0522163750204,54.1640090167339,-1.14466891049854));
#1433=CARTESIAN_POINT('Ctrl Pts',(16.7485899864908,53.9497058152253,-1.31345048526212));
#1434=CARTESIAN_POINT('Ctrl Pts',(18.1544167629417,53.4868041626607,-1.54599764707883));
#1435=CARTESIAN_POINT('Ctrl Pts',(18.8653329125604,53.2377967644063,-1.6));
#1436=CARTESIAN_POINT('Ctrl Pts',(19.5112766441685,53.0000007897615,-1.6));
#1437=CARTESIAN_POINT('Ctrl Pts',(19.5112766441685,53.0000007897615,-1.6));
#1438=CARTESIAN_POINT('Ctrl Pts',(20.0538838845305,52.80024683093,-1.6));
#1439=CARTESIAN_POINT('Ctrl Pts',(20.6452146119301,52.5735053614908,-1.56235582137503));
#1440=CARTESIAN_POINT('Ctrl Pts',(21.7879362102145,52.1160593340038,-1.35701999769821));
#1441=CARTESIAN_POINT('Ctrl Pts',(22.3408231322575,51.8848188901722,-1.19896403973747));
#1442=CARTESIAN_POINT('Ctrl Pts',(22.9943324272482,51.6036553233861,-0.794433150540699));
#1443=CARTESIAN_POINT('Ctrl Pts',(23.2056600362807,51.511345620832,-0.621534513980321));
#1444=CARTESIAN_POINT('Ctrl Pts',(23.3662164232489,51.4406725854062,-0.363690521692632));
#1445=CARTESIAN_POINT('Ctrl Pts',(23.4003346164411,51.4256120303055,-0.294499112320832));
#1446=CARTESIAN_POINT('Ctrl Pts',(23.4465026463162,51.4052080097338,-0.148545320885298));
#1447=CARTESIAN_POINT('Ctrl Pts',(23.4582590746311,51.4000007897615,-0.0716712818208227));
#1448=CARTESIAN_POINT('Ctrl Pts',(23.4582590746311,51.4000007897615,0.0716712818208154));
#1449=CARTESIAN_POINT('Ctrl Pts',(23.4465026463162,51.4052080097338,0.148545320885291));
#1450=CARTESIAN_POINT('Ctrl Pts',(23.4003346164411,51.4256120303055,0.294499112320825));
#1451=CARTESIAN_POINT('Ctrl Pts',(23.3662164232489,51.4406725854062,0.363690521692625));
#1452=CARTESIAN_POINT('Ctrl Pts',(23.2056600362807,51.511345620832,0.621534513980314));
#1453=CARTESIAN_POINT('Ctrl Pts',(22.9943324272482,51.6036553233861,0.794433150540692));
#1454=CARTESIAN_POINT('Ctrl Pts',(22.3408231322575,51.8848188901722,1.19896403973747));
#1455=CARTESIAN_POINT('Ctrl Pts',(21.7879362102145,52.1160593340038,1.3570199976982));
#1456=CARTESIAN_POINT('Ctrl Pts',(20.6452146119301,52.5735053614908,1.56235582137502));
#1457=CARTESIAN_POINT('Ctrl Pts',(20.0538838845305,52.80024683093,1.6));
#1458=CARTESIAN_POINT('Ctrl Pts',(19.5112766441685,53.0000007897615,1.6));
#1459=CARTESIAN_POINT('',(3.45962720759127E-15,53.0000007897615,-1.6));
#1460=CARTESIAN_POINT('',(3.45962720759127E-15,53.0000007897615,-1.6));
#1461=CARTESIAN_POINT('Origin',(3.45962720759127E-15,53.0000007897615,-3.33066907387547E-15));
#1462=CARTESIAN_POINT('Origin',(0.,0.,0.));
#1463=CARTESIAN_POINT('Origin',(32.0000006705523,0.,-9.61195417123097E-15));
#1464=CARTESIAN_POINT('Origin',(35.0000006705523,0.,-1.05130748559011E-14));
#1465=CARTESIAN_POINT('Origin',(35.0000006705522,0.,-44.3536915381498));
#1466=CARTESIAN_POINT('Origin',(40.,0.,0.));
#1467=CARTESIAN_POINT('',(38.475,5.,-1.86758636869971E-16));
#1468=CARTESIAN_POINT('Origin',(40.,5.,0.));
#1469=CARTESIAN_POINT('',(38.475,0.,1.86758636869971E-16));
#1470=CARTESIAN_POINT('Origin',(40.,5.,0.));
#1471=CARTESIAN_POINT('',(37.,5.,-3.67394039744206E-16));
#1472=CARTESIAN_POINT('Origin',(40.,5.,0.));
#1473=CARTESIAN_POINT('Origin',(1.76042977377432E-15,28.75,0.));
#1474=CARTESIAN_POINT('Origin',(0.,0.,0.));
#1475=CARTESIAN_POINT('Origin',(40.,0.,0.));
#1476=CARTESIAN_POINT('',(37.,0.,3.67394039744206E-16));
#1477=UNCERTAINTY_MEASURE_WITH_UNIT(LENGTH_MEASURE(0.01),#1481,
'DISTANCE_ACCURACY_VALUE',
'Maximum model space distance between geometric entities at asserted c
onnectivities');
#1478=UNCERTAINTY_MEASURE_WITH_UNIT(LENGTH_MEASURE(0.01),#1481,
'DISTANCE_ACCURACY_VALUE',
'Maximum model space distance between geometric entities at asserted c
onnectivities');
#1479=(
GEOMETRIC_REPRESENTATION_CONTEXT(3)
GLOBAL_UNCERTAINTY_ASSIGNED_CONTEXT((#1477))
GLOBAL_UNIT_ASSIGNED_CONTEXT((#1481,#1483,#1484))
REPRESENTATION_CONTEXT('','3D')
);
#1480=(
GEOMETRIC_REPRESENTATION_CONTEXT(3)
GLOBAL_UNCERTAINTY_ASSIGNED_CONTEXT((#1478))
GLOBAL_UNIT_ASSIGNED_CONTEXT((#1481,#1483,#1484))
REPRESENTATION_CONTEXT('','3D')
);
#1481=(
LENGTH_UNIT()
NAMED_UNIT(*)
SI_UNIT(.MILLI.,.METRE.)
);
#1482=(
LENGTH_UNIT()
NAMED_UNIT(*)
SI_UNIT($,.METRE.)
);
#1483=(
NAMED_UNIT(*)
PLANE_ANGLE_UNIT()
SI_UNIT($,.RADIAN.)
);
#1484=(
NAMED_UNIT(*)
SI_UNIT($,.STERADIAN.)
SOLID_ANGLE_UNIT()
);
#1485=SHAPE_DEFINITION_REPRESENTATION(#1486,#1487);
#1486=PRODUCT_DEFINITION_SHAPE('',$,#1489);
#1487=SHAPE_REPRESENTATION('',(#496),#1479);
#1488=PRODUCT_DEFINITION_CONTEXT('part definition',#1493,'design');
#1489=PRODUCT_DEFINITION('2026-06-25-23-55-38-095',
'cabeza parte de atr\X\E1s',#1490,#1488);
#1490=PRODUCT_DEFINITION_FORMATION('',$,#1495);
#1491=PRODUCT_RELATED_PRODUCT_CATEGORY('cabeza parte de atr\X\E1s',
'cabeza parte de atr\X\E1s',(#1495));
#1492=APPLICATION_PROTOCOL_DEFINITION('international standard',
'automotive_design',2009,#1493);
#1493=APPLICATION_CONTEXT(
'Core Data for Automotive Mechanical Design Process');
#1494=PRODUCT_CONTEXT('part definition',#1493,'mechanical');
#1495=PRODUCT('2026-06-25-23-55-38-095','cabeza parte de atr\X\E1s',$,(#1494));
#1496=PRESENTATION_STYLE_ASSIGNMENT((#1497));
#1497=SURFACE_STYLE_USAGE(.BOTH.,#1498);
#1498=SURFACE_SIDE_STYLE('',(#1499));
#1499=SURFACE_STYLE_FILL_AREA(#1500);
#1500=FILL_AREA_STYLE('Acero - Satinado',(#1501));
#1501=FILL_AREA_STYLE_COLOUR('Acero - Satinado',#1502);
#1502=COLOUR_RGB('Acero - Satinado',0.627450980392157,0.627450980392157,
0.627450980392157);
ENDSEC;
END-ISO-10303-21;
